NutsID,DICOFRE,region_name,year,edu_none,edu_basic,edu_secondary,edu_superior,labour_family,labour_holder,labour_spouse,labour_other_family,labour_non_family,labour_regular,labour_non_regular,labour_not_hired,production_eur,production_area
181021102,21102,RelÃ­quias,1999,210,165,15,16,95,57,25,13,25,20,4,1,1763202.0,358.2
181021102,21102,RelÃ­quias,2009,86,115,16,7,60,46,9,5,17,16,1,1,1785727.0,399.5
181021102,21102,RelÃ­quias,2019,53,158,34,21,68,41,15,12,37,25,10,2,3305213.0,412.4
181021103,21103,SabÃ³ia,1999,194,143,2,2,98,53,35,10,6,4,1,1,1752556.0,296.3
181021103,21103,SabÃ³ia,2009,100,135,22,2,50,35,10,6,6,2,2,2,1785356.0,353.0
181021103,21103,SabÃ³ia,2019,35,118,18,18,58,40,12,6,35,8,26,2,2002980.0,477.2
181021106,21106,SÃ£o LuÃ­s,1999,233,192,33,6,76,50,19,7,31,26,4,2,2661047.0,320.6
181021106,21106,SÃ£o LuÃ­s,2009,83,158,23,8,74,51,14,9,24,22,1,1,1987607.0,334.8
181021106,21106,SÃ£o LuÃ­s,2019,36,115,32,34,65,46,11,9,29,23,4,2,4884892.0,686.2
181021107,21107,SÃ£o Martinho das Amoreiras,1999,211,165,16,10,126,77,32,17,16,9,6,1,1733237.0,455.7
181021107,21107,SÃ£o Martinho das Amoreiras,2009,101,119,17,10,66,53,7,6,7,5,1,0,1130351.0,303.2
181021107,21107,SÃ£o Martinho das Amoreiras,2019,43,96,14,17,63,50,8,5,110,105,3,2,3139948.0,913.3
181021111,21111,Vila Nova de Milfontes,1999,128,152,21,8,97,68,23,7,12,9,2,1,1322800.0,286.7
181021111,21111,Vila Nova de Milfontes,2009,90,148,22,10,69,46,18,5,25,24,0,0,1163011.0,490.5
181021111,21111,Vila Nova de Milfontes,2019,64,168,36,17,70,38,19,13,98,92,4,2,3905354.0,814.7
181021115,21115,Luzianes-Gare,1999,99,94,8,1,66,42,16,9,6,3,2,1,1291063.0,335.2
181021115,21115,Luzianes-Gare,2009,32,58,5,8,39,27,9,3,1,0,0,0,560145.0,214.9
181021115,21115,Luzianes-Gare,2019,29,79,7,13,39,29,8,3,3,1,1,1,1209433.0,341.2
181021116,21116,Boavista dos Pinheiros,2009,30,38,3,4,20,15,4,1,180,161,16,2,4323950.0,2225.8
181021116,21116,Boavista dos Pinheiros,2019,13,35,7,9,23,15,7,0,262,220,1,40,10320272.0,4134.9
181021117,21117,Longueira/Almograve,2009,66,130,27,18,82,54,17,11,291,285,2,4,20186387.0,3203.6
181021117,21117,Longueira/Almograve,2019,34,125,44,18,69,46,16,8,1922,1283,601,39,69303909.0,10545.1
181021118,21118,Colos,1999,82,122,18,15,43,28,8,7,35,24,10,1,2295508.0,355.8
181021118,21118,Colos,2009,28,99,24,16,39,34,4,2,23,15,8,0,3447910.0,433.8
181021118,21118,Colos,2019,27,123,23,28,53,30,11,12,64,53,8,3,6056687.0,653.3
181021119,21119,Santa Clara-a-Velha,1999,165,144,16,4,87,53,21,13,4,2,2,1,1278728.0,300.0
181021119,21119,Santa Clara-a-Velha,2009,97,93,9,4,62,37,14,10,3,2,1,0,742039.0,329.1
181021119,21119,Santa Clara-a-Velha,2019,37,106,30,37,60,39,16,6,8,4,3,2,3042728.0,874.5
181021120,21120,SÃ£o Salvador e Santa Maria,1999,349,382,48,21,218,135,58,25,335,172,146,17,13565063.0,1089.6
181021120,21120,SÃ£o Salvador e Santa Maria,2009,85,132,20,16,73,43,19,11,28,23,5,1,2405372.0,405.5
181021120,21120,SÃ£o Salvador e Santa Maria,2019,39,91,18,11,63,45,16,2,21,16,4,1,2533110.0,499.9
181021121,21121,SÃ£o TeotÃ³nio,1999,590,571,51,36,406,266,111,30,596,349,233,14,14537058.0,1090.5
181021121,21121,SÃ£o TeotÃ³nio,2009,279,381,77,54,242,146,65,31,882,686,171,26,37947967.0,3231.3
181021121,21121,SÃ£o TeotÃ³nio,2019,140,438,76,106,282,186,80,17,3592,2646,195,751,102354142.0,8156.1
181021122,21122,Vale de Santiago,1999,53,103,10,5,36,22,7,7,31,26,4,1,2286454.0,417.0
181021122,21122,Vale de Santiago,2009,22,58,12,9,29,22,4,3,22,20,2,0,2235315.0,437.1
181021122,21122,Vale de Santiago,2019,30,98,36,34,80,54,16,10,63,39,22,2,4339868.0,535.4
181150104,150104,TorrÃ£o,1999,180,340,57,50,219,134,55,30,312,181,125,6,14582860.0,408.2
181150104,150104,TorrÃ£o,2009,78,328,82,81,129,85,29,15,134,110,14,9,13737021.0,380.4
181150104,150104,TorrÃ£o,2019,45,185,60,48,102,66,24,12,256,171,42,43,21226769.0,590.8
181150105,150105,SÃ£o Martinho,1999,6,14,2,5,8,5,1,2,9,7,2,0,589927.0,505.1
181150105,150105,SÃ£o Martinho,2009,0,4,0,2,1,1,0,0,18,15,3,0,674228.0,343.3
181150105,150105,SÃ£o Martinho,2019,8,22,8,10,13,8,3,3,39,32,5,1,3025914.0,807.6
181150106,150106,Comporta,1999,230,321,17,2,203,121,62,20,26,19,2,5,1634109.0,1421.8
181150106,150106,Comporta,2009,58,125,13,3,94,57,30,8,18,14,0,3,1565634.0,1523.5
181150106,150106,Comporta,2019,9,51,4,9,36,26,9,1,287,50,230,7,34603355.0,4068.3
181150107,150107,UniÃ£o das freguesias de AlcÃ¡cer do Sal (Santa Maria do Castelo e Santiago) e Santa Susana,1999,307,717,113,121,444,252,115,77,449,328,110,11,25060269.0,478.3
181150107,150107,UniÃ£o das freguesias de AlcÃ¡cer do Sal (Santa Maria do Castelo e Santiago) e Santa Susana,2009,120,490,98,106,215,148,52,15,383,309,67,8,33543560.0,579.9
181150107,150107,UniÃ£o das freguesias de AlcÃ¡cer do Sal (Santa Maria do Castelo e Santiago) e Santa Susana,2019,69,303,106,149,160,109,28,23,973,374,526,73,83709251.0,1266.8
181150501,150501,Azinheira dos Barros e SÃ£o Mamede do SÃ¡dÃ£o,1999,59,92,25,28,71,44,16,12,42,32,9,1,5334032.0,468.7
181150501,150501,Azinheira dos Barros e SÃ£o Mamede do SÃ¡dÃ£o,2009,23,71,23,23,51,32,10,9,186,40,146,1,4962049.0,360.3
181150501,150501,Azinheira dos Barros e SÃ£o Mamede do SÃ¡dÃ£o,2019,13,55,30,31,48,32,12,5,71,56,13,3,14380187.0,939.4
181150503,150503,Melides,1999,278,340,61,33,269,154,86,30,23,14,8,1,2411996.0,585.8
181150503,150503,Melides,2009,145,284,40,30,213,134,58,21,36,16,15,5,3116382.0,864.9
181150503,150503,Melides,2019,50,202,60,34,118,81,22,14,50,24,9,16,7083321.0,1117.8
181150505,150505,Carvalhal,1999,90,143,12,0,87,52,27,8,32,27,4,1,874140.0,497.0
181150505,150505,Carvalhal,2009,20,60,5,0,35,22,9,4,12,11,0,0,616151.0,1682.2
181150505,150505,Carvalhal,2019,6,31,3,1,16,13,3,0,36,15,18,3,1605217.0,2048.6
181150506,150506,UniÃ£o das freguesias de GrÃ¢ndola e Santa Margarida da Serra,1999,569,723,79,70,517,320,142,56,191,126,60,5,17203562.0,620.7
181150506,150506,UniÃ£o das freguesias de GrÃ¢ndola e Santa Margarida da Serra,2009,257,600,110,84,308,195,79,34,230,138,21,71,20820839.0,1019.0
181150506,150506,UniÃ£o das freguesias de GrÃ¢ndola e Santa Margarida da Serra,2019,77,364,119,117,224,146,50,28,248,139,90,18,48237731.0,1995.4
181150901,150901,Abela,1999,121,174,20,20,70,47,15,8,81,54,25,2,8959637.0,854.1
181150901,150901,Abela,2009,52,134,15,20,71,48,19,5,65,56,6,3,6645540.0,801.7
181150901,150901,Abela,2019,17,85,12,22,60,39,13,8,41,37,2,2,6136420.0,643.9
181150902,150902,Alvalade,1999,91,265,37,28,90,63,18,10,214,138,67,8,16242481.0,1135.9
181150902,150902,Alvalade,2009,39,138,32,22,101,60,28,13,145,102,18,26,11611245.0,903.5
181150902,150902,Alvalade,2019,12,107,34,43,54,42,9,4,302,137,146,19,16137936.0,933.8
181150903,150903,Cercal,1999,281,358,45,18,187,126,42,19,67,47,16,4,5841324.0,663.9
181150903,150903,Cercal,2009,126,242,41,18,118,83,25,10,35,28,4,2,3994923.0,394.4
181150903,150903,Cercal,2019,78,245,68,46,111,72,20,19,79,54,20,5,8056245.0,822.0
181150904,150904,Ermidas-Sado,1999,55,104,10,7,59,40,14,5,34,20,13,1,2672185.0,426.3
181150904,150904,Ermidas-Sado,2009,31,73,17,11,42,27,9,6,218,26,191,1,2345454.0,383.7
181150904,150904,Ermidas-Sado,2019,5,35,13,13,25,20,3,2,58,33,21,4,4962663.0,800.8
181150907,150907,Santo AndrÃ©,1999,213,327,39,19,208,131,67,10,34,12,20,1,2242035.0,977.2
181150907,150907,Santo AndrÃ©,2009,63,143,40,25,74,50,19,5,98,42,55,1,2721239.0,1778.2
181150907,150907,Santo AndrÃ©,2019,27,165,52,31,99,56,26,16,186,90,91,6,7812180.0,5017.3
181150910,150910,SÃ£o Francisco da Serra,1999,137,168,15,4,70,44,15,11,22,14,6,2,1971309.0,823.6
181150910,150910,SÃ£o Francisco da Serra,2009,44,86,16,6,42,26,11,5,7,6,1,0,932806.0,1018.2
181150910,150910,SÃ£o Francisco da Serra,2019,19,87,26,14,50,31,13,6,10,7,2,1,791054.0,361.0
181150912,150912,"UniÃ£o das freguesias de Santiago do CacÃ©m, Santa Cruz e SÃ£o Bartolomeu da Serra",1999,498,679,70,55,347,213,96,38,138,80,55,3,8446411.0,764.9
181150912,150912,"UniÃ£o das freguesias de Santiago do CacÃ©m, Santa Cruz e SÃ£o Bartolomeu da Serra",2009,191,414,68,60,198,137,45,16,46,31,10,5,4769998.0,502.9
181150912,150912,"UniÃ£o das freguesias de Santiago do CacÃ©m, Santa Cruz e SÃ£o Bartolomeu da Serra",2019,38,303,79,92,173,111,34,28,134,94,33,8,13998646.0,1237.7
181150913,150913,UniÃ£o das freguesias de SÃ£o Domingos e Vale de Ãgua,1999,209,286,26,8,127,80,36,12,82,61,19,2,6971913.0,501.3
181150913,150913,UniÃ£o das freguesias de SÃ£o Domingos e Vale de Ãgua,2009,94,210,26,23,112,79,22,12,48,37,9,2,5533006.0,444.0
181150913,150913,UniÃ£o das freguesias de SÃ£o Domingos e Vale de Ãgua,2019,35,215,53,59,128,87,24,17,50,34,9,7,6022862.0,408.3
181151301,151301,Sines,1999,148,190,13,10,85,52,20,12,33,26,6,1,3352192.0,717.1
181151301,151301,Sines,2009,68,163,26,10,77,46,17,14,15,9,4,2,2862192.0,530.7
181151301,151301,Sines,2019,29,112,27,15,83,50,19,15,11,8,2,1,1801032.0,625.3
181151302,151302,Porto Covo,1999,90,136,22,9,44,28,12,4,17,14,2,1,1657646.0,437.5
181151302,151302,Porto Covo,2009,28,115,17,12,51,31,13,8,12,10,1,1,1484491.0,422.8
181151302,151302,Porto Covo,2019,18,89,22,14,59,34,18,7,22,11,2,9,2254205.0,715.9
184020102,20102,Ervidel,1999,34,102,7,5,29,23,3,2,14,10,2,1,588819.0,259.9
184020102,20102,Ervidel,2009,14,105,12,28,26,19,4,3,18,13,3,2,1642459.0,595.8
184020102,20102,Ervidel,2019,8,62,14,12,22,18,2,2,59,25,30,4,3170952.0,1162.6
184020103,20103,Messejana,1999,86,164,33,23,80,54,15,11,64,54,9,2,3744483.0,369.8
184020103,20103,Messejana,2009,42,111,26,24,57,42,9,7,43,34,7,3,12080644.0,1393.5
184020103,20103,Messejana,2019,29,91,29,37,52,40,7,4,75,41,31,3,7754040.0,926.1
184020104,20104,SÃ£o JoÃ£o de Negrilhos,1999,145,321,28,21,142,97,28,16,53,20,27,5,5033474.0,881.7
184020104,20104,SÃ£o JoÃ£o de Negrilhos,2009,34,149,17,23,59,43,10,6,170,70,50,51,5026823.0,658.3
184020104,20104,SÃ£o JoÃ£o de Negrilhos,2019,14,124,23,23,47,37,7,3,273,58,190,25,9087896.0,1708.1
184020106,20106,UniÃ£o das freguesias de Aljustrel e Rio de Moinhos,1999,75,243,38,50,102,81,10,11,136,120,9,7,7986820.0,379.6
184020106,20106,UniÃ£o das freguesias de Aljustrel e Rio de Moinhos,2009,32,218,77,49,107,70,20,17,122,95,23,4,15455201.0,778.0
184020106,20106,UniÃ£o das freguesias de Aljustrel e Rio de Moinhos,2019,33,206,53,58,88,69,8,11,201,147,35,20,13268367.0,666.2
184020203,20203,RosÃ¡rio,1999,57,61,3,5,43,30,9,4,15,11,4,0,1627252.0,333.7
184020203,20203,RosÃ¡rio,2009,8,52,7,5,29,21,7,1,18,17,1,0,1275534.0,297.5
184020203,20203,RosÃ¡rio,2019,13,57,21,9,35,25,5,4,15,14,0,1,1690995.0,302.2
184020205,20205,Santa Cruz,1999,85,132,6,9,61,39,12,10,13,10,3,0,1913053.0,324.4
184020205,20205,Santa Cruz,2009,50,132,20,13,62,43,13,7,14,12,1,1,1665633.0,240.7
184020205,20205,Santa Cruz,2019,24,106,39,36,51,37,9,5,17,8,8,1,3259484.0,457.3
184020206,20206,SÃ£o BarnabÃ©,1999,153,144,12,5,125,71,37,17,3,2,0,1,1457892.0,842.6
184020206,20206,SÃ£o BarnabÃ©,2009,113,111,18,5,93,60,24,10,5,3,1,0,758801.0,368.3
184020206,20206,SÃ£o BarnabÃ©,2019,23,110,19,16,60,41,10,9,7,3,2,2,2926046.0,1409.3
184020208,20208,Aldeia dos Fernandes,1999,17,30,2,3,16,12,4,1,0,0,0,0,533897.0,367.7
184020208,20208,Aldeia dos Fernandes,2009,2,14,2,3,9,6,3,0,0,0,0,0,185244.0,181.9
184020208,20208,Aldeia dos Fernandes,2019,8,16,1,5,13,9,4,0,8,6,2,1,393867.0,300.1
184020209,20209,UniÃ£o das freguesias de AlmodÃ´var e GraÃ§a dos PadrÃµes,1999,216,367,43,24,186,118,39,29,40,27,11,2,4586785.0,318.2
184020209,20209,UniÃ£o das freguesias de AlmodÃ´var e GraÃ§a dos PadrÃµes,2009,158,342,60,39,170,109,31,30,39,26,10,3,4751298.0,305.2
184020209,20209,UniÃ£o das freguesias de AlmodÃ´var e GraÃ§a dos PadrÃµes,2019,80,329,71,57,180,112,35,33,110,75,19,16,9099395.0,456.8
184020210,20210,UniÃ£o das freguesias de Santa Clara-a-Nova e Gomes Aires,1999,312,302,17,33,141,95,32,15,9,6,1,2,4021387.0,423.8
184020210,20210,UniÃ£o das freguesias de Santa Clara-a-Nova e Gomes Aires,2009,172,278,31,34,146,106,30,11,16,12,3,2,2648077.0,288.1
184020210,20210,UniÃ£o das freguesias de Santa Clara-a-Nova e Gomes Aires,2019,104,249,47,41,109,73,25,12,34,19,11,4,10683827.0,877.1
184020301,20301,Alvito,1999,45,170,30,36,86,58,22,7,111,67,40,4,3639380.0,375.7
184020301,20301,Alvito,2009,57,162,34,38,61,42,12,7,105,91,11,3,6834397.0,524.0
184020301,20301,Alvito,2019,17,147,42,57,55,36,13,6,117,66,17,34,13501802.0,1165.6
184020302,20302,Vila Nova da Baronia,1999,78,157,20,12,91,63,20,8,48,38,9,1,2458798.0,414.7
184020302,20302,Vila Nova da Baronia,2009,49,132,27,28,68,46,14,8,53,37,14,3,4079277.0,411.1
184020302,20302,Vila Nova da Baronia,2019,25,123,47,40,50,32,15,4,41,34,4,3,5136180.0,599.0
184020401,20401,Barrancos,1999,212,361,86,35,78,64,9,6,31,17,14,0,3835448.0,276.1
184020401,20401,Barrancos,2009,91,298,51,30,87,58,22,7,49,41,8,0,3923101.0,308.3
184020401,20401,Barrancos,2019,35,241,92,37,73,54,16,3,86,60,21,5,5456545.0,389.5
184020502,20502,BaleizÃ£o,1999,54,114,28,22,49,35,7,7,106,85,17,4,4864855.0,371.7
184020502,20502,BaleizÃ£o,2009,22,62,14,26,22,19,3,1,433,105,19,309,6068672.0,465.3
184020502,20502,BaleizÃ£o,2019,13,45,14,23,35,25,5,4,376,200,86,90,20679587.0,1360.9
184020503,20503,Beringel,1999,40,79,14,23,33,28,2,3,23,17,5,1,777745.0,321.1
184020503,20503,Beringel,2009,17,39,10,15,28,18,6,4,10,9,1,0,432380.0,252.9
184020503,20503,Beringel,2019,13,64,11,12,29,15,8,6,10,3,1,7,742902.0,724.1
184020504,20504,CabeÃ§a Gorda,1999,65,185,28,19,68,49,9,10,49,28,19,2,2354179.0,355.9
184020504,20504,CabeÃ§a Gorda,2009,38,117,24,18,42,36,4,3,44,22,7,15,5685105.0,858.5
184020504,20504,CabeÃ§a Gorda,2019,11,85,29,23,38,24,8,6,82,33,3,46,4939938.0,782.8
184020506,20506,Nossa Senhora das Neves,1999,93,236,45,33,116,72,22,23,45,37,7,2,2461900.0,489.9
184020506,20506,Nossa Senhora das Neves,2009,47,180,30,41,69,55,11,3,48,31,16,2,2893511.0,585.5
184020506,20506,Nossa Senhora das Neves,2019,32,137,42,48,70,45,15,10,194,53,74,66,7594074.0,1696.3
184020510,20510,Santa Clara de Louredo,1999,15,38,7,15,23,19,2,3,50,40,7,3,1640297.0,298.4
184020510,20510,Santa Clara de Louredo,2009,6,38,11,11,15,10,5,1,81,35,44,2,2376402.0,491.6
184020510,20510,Santa Clara de Louredo,2019,3,27,10,16,15,10,4,2,127,57,15,56,9423051.0,1722.2
184020516,20516,SÃ£o Matias,1999,48,134,13,11,38,31,3,4,44,34,8,2,1470816.0,312.6
184020516,20516,SÃ£o Matias,2009,14,104,28,10,35,22,6,7,47,29,7,11,3186210.0,327.9
184020516,20516,SÃ£o Matias,2019,2,40,16,14,21,16,4,0,240,64,173,3,10712689.0,983.1
184020519,20519,UniÃ£o das freguesias de Albernoa e Trindade,1999,53,138,21,20,69,54,9,6,107,92,12,3,4832969.0,308.0
184020519,20519,UniÃ£o das freguesias de Albernoa e Trindade,2009,28,138,47,25,72,52,9,11,139,96,39,4,9066328.0,488.3
184020519,20519,UniÃ£o das freguesias de Albernoa e Trindade,2019,14,117,41,38,61,50,6,4,307,217,57,33,15857162.0,655.7
184020520,20520,UniÃ£o das freguesias de Beja (Salvador e Santa Maria da Feira),1999,81,125,19,27,68,45,11,13,74,59,13,1,2369533.0,870.7
184020520,20520,UniÃ£o das freguesias de Beja (Salvador e Santa Maria da Feira),2009,33,143,26,36,77,45,24,8,31,21,8,2,1545765.0,1158.8
184020520,20520,UniÃ£o das freguesias de Beja (Salvador e Santa Maria da Feira),2019,37,127,52,59,54,36,11,6,59,36,17,7,4626613.0,1896.2
184020521,20521,UniÃ£o das freguesias de Beja (Santiago Maior e SÃ£o JoÃ£o Baptista),1999,34,128,15,39,45,33,9,3,54,47,6,1,1754107.0,460.6
184020521,20521,UniÃ£o das freguesias de Beja (Santiago Maior e SÃ£o JoÃ£o Baptista),2009,29,110,30,27,47,30,11,6,49,29,9,10,2009713.0,550.2
184020521,20521,UniÃ£o das freguesias de Beja (Santiago Maior e SÃ£o JoÃ£o Baptista),2019,7,95,28,40,48,31,11,5,98,70,4,24,7963915.0,1251.8
184020522,20522,UniÃ£o das freguesias de Salvada e Quintos,1999,131,262,52,49,108,85,11,12,119,81,33,5,4900947.0,370.0
184020522,20522,UniÃ£o das freguesias de Salvada e Quintos,2009,81,201,48,47,80,72,6,2,145,87,45,13,9288787.0,522.8
184020522,20522,UniÃ£o das freguesias de Salvada e Quintos,2019,41,155,69,72,75,52,15,8,176,114,8,53,12562194.0,829.8
184020523,20523,UniÃ£o das freguesias de Santa VitÃ³ria e Mombeja,1999,114,251,43,29,116,92,10,14,120,89,28,3,4355325.0,318.3
184020523,20523,UniÃ£o das freguesias de Santa VitÃ³ria e Mombeja,2009,60,178,36,38,84,64,9,11,107,66,35,7,12386505.0,1121.4
184020523,20523,UniÃ£o das freguesias de Santa VitÃ³ria e Mombeja,2019,39,145,43,45,79,46,19,15,218,133,15,70,20121727.0,1391.1
184020524,20524,UniÃ£o das freguesias de Trigaches e SÃ£o Brissos,1999,98,140,18,15,57,44,8,5,40,31,8,1,1329250.0,312.1
184020524,20524,UniÃ£o das freguesias de Trigaches e SÃ£o Brissos,2009,44,109,24,31,56,33,13,10,67,48,17,2,2061595.0,562.7
184020524,20524,UniÃ£o das freguesias de Trigaches e SÃ£o Brissos,2019,24,70,35,42,33,26,5,3,77,43,5,30,4939012.0,1031.2
184020603,20603,Entradas,1999,26,76,12,6,31,21,5,5,22,17,4,1,1691025.0,276.5
184020603,20603,Entradas,2009,13,67,16,14,27,20,4,4,15,12,2,1,2092989.0,375.2
184020603,20603,Entradas,2019,15,71,20,17,31,24,4,4,35,25,5,4,3098340.0,408.1
184020604,20604,Santa BÃ¡rbara de PadrÃµes,1999,20,60,6,4,31,22,5,3,5,3,2,0,774589.0,272.0
184020604,20604,Santa BÃ¡rbara de PadrÃµes,2009,13,54,5,15,34,25,7,2,13,12,1,1,1186112.0,294.6
184020604,20604,Santa BÃ¡rbara de PadrÃµes,2019,13,68,15,18,34,22,8,4,20,16,3,1,1980709.0,452.9
184020605,20605,SÃ£o Marcos da Ataboeira,1999,10,56,10,3,30,18,6,6,30,21,8,1,3250463.0,358.1
184020605,20605,SÃ£o Marcos da Ataboeira,2009,7,46,13,8,30,22,7,2,30,27,2,1,2878345.0,270.2
184020605,20605,SÃ£o Marcos da Ataboeira,2019,3,54,15,14,23,15,3,5,26,21,4,2,3512984.0,391.8
184020606,20606,UniÃ£o das freguesias de Castro Verde e CasÃ©vel,1999,113,300,56,24,170,108,35,27,131,119,9,4,7953448.0,268.1
184020606,20606,UniÃ£o das freguesias de Castro Verde e CasÃ©vel,2009,66,274,49,64,155,98,42,15,110,89,17,4,9530862.0,312.7
184020606,20606,UniÃ£o das freguesias de Castro Verde e CasÃ©vel,2019,44,293,93,87,226,125,60,41,137,110,18,9,12504660.0,410.1
184020701,20701,Cuba,1999,152,311,52,26,79,63,8,8,101,51,47,3,5766425.0,712.8
184020701,20701,Cuba,2009,66,290,75,63,80,46,13,21,122,84,37,2,7067665.0,833.6
184020701,20701,Cuba,2019,24,145,55,53,83,62,18,4,133,99,30,4,11621867.0,1461.1
184020702,20702,Faro do Alentejo,1999,34,64,10,10,39,22,14,3,48,45,1,2,4158270.0,2266.9
184020702,20702,Faro do Alentejo,2009,16,60,4,17,15,11,1,3,33,20,3,9,1665573.0,1012.2
184020702,20702,Faro do Alentejo,2019,9,27,6,14,8,6,1,0,47,12,17,19,1797084.0,645.5
184020703,20703,Vila Alva,1999,102,142,23,13,64,48,12,4,39,7,31,0,1320405.0,621.1
184020703,20703,Vila Alva,2009,36,140,27,24,48,32,11,6,41,25,14,2,2175556.0,680.4
184020703,20703,Vila Alva,2019,18,118,48,50,50,33,14,3,46,36,9,1,1797733.0,723.0
184020704,20704,Vila Ruiva,1999,84,89,15,5,41,32,7,3,14,5,9,1,700219.0,508.4
184020704,20704,Vila Ruiva,2009,43,114,14,15,25,18,2,5,18,9,8,1,648356.0,524.2
184020704,20704,Vila Ruiva,2019,8,70,20,16,44,34,8,2,23,9,12,2,970896.0,1205.8
184020803,20803,Figueira dos Cavaleiros,1999,110,237,42,19,128,92,24,12,107,48,54,6,7109238.0,596.4
184020803,20803,Figueira dos Cavaleiros,2009,47,143,38,23,87,59,18,10,256,99,106,52,9712334.0,635.7
184020803,20803,Figueira dos Cavaleiros,2019,15,92,35,29,43,32,9,2,253,120,78,55,13329550.0,867.5
184020804,20804,Odivelas,1999,22,56,7,6,29,21,6,1,25,13,8,4,2416708.0,426.3
184020804,20804,Odivelas,2009,10,51,7,7,21,16,4,1,110,47,57,6,4345223.0,599.2
184020804,20804,Odivelas,2019,9,37,13,16,22,17,2,2,192,58,100,34,10105515.0,1211.3
184020807,20807,UniÃ£o das freguesias de AlfundÃ£o e Peroguarda,1999,42,173,31,24,53,32,11,9,86,38,46,3,4204436.0,601.3
184020807,20807,UniÃ£o das freguesias de AlfundÃ£o e Peroguarda,2009,21,117,35,40,55,40,12,3,646,258,193,195,7440496.0,968.0
184020807,20807,UniÃ£o das freguesias de AlfundÃ£o e Peroguarda,2019,26,96,31,42,22,19,3,1,561,260,222,80,11388292.0,1574.0
184020808,20808,UniÃ£o das freguesias de Ferreira do Alentejo e Canhestros,1999,265,738,120,53,277,198,51,28,275,213,53,9,16215836.0,675.5
184020808,20808,UniÃ£o das freguesias de Ferreira do Alentejo e Canhestros,2009,212,483,97,79,158,131,20,6,897,152,518,226,18355863.0,769.1
184020808,20808,UniÃ£o das freguesias de Ferreira do Alentejo e Canhestros,2019,96,391,138,111,175,134,22,19,688,280,350,58,36695344.0,1182.1
184020901,20901,Alcaria Ruiva,1999,104,170,29,27,87,63,14,11,103,73,28,2,5051753.0,317.0
184020901,20901,Alcaria Ruiva,2009,62,188,43,37,82,56,13,13,94,81,10,4,6140941.0,345.6
184020901,20901,Alcaria Ruiva,2019,46,147,67,74,67,45,11,12,82,66,11,5,14468874.0,758.9
184020902,20902,Corte do Pinto,1999,69,113,11,9,79,46,17,16,7,5,2,1,1883586.0,372.4
184020902,20902,Corte do Pinto,2009,44,94,15,8,46,31,7,8,9,8,1,0,1506457.0,360.3
184020902,20902,Corte do Pinto,2019,18,68,21,12,35,27,6,2,28,26,1,1,2748730.0,523.0
184020903,20903,EspÃ­rito Santo,1999,65,95,12,5,59,37,10,12,16,11,4,1,1752435.0,292.3
184020903,20903,EspÃ­rito Santo,2009,39,82,15,7,30,21,6,4,25,17,7,0,1335838.0,178.8
184020903,20903,EspÃ­rito Santo,2019,25,98,26,38,31,22,5,4,42,18,16,8,10017515.0,1013.9
184020904,20904,MÃ©rtola,1999,153,207,20,16,133,86,29,18,55,44,10,1,5716009.0,303.8
184020904,20904,MÃ©rtola,2009,40,217,36,12,100,73,16,10,76,67,8,1,4557934.0,224.1
184020904,20904,MÃ©rtola,2019,52,219,81,61,88,66,15,8,105,81,18,6,17174388.0,671.5
184020905,20905,Santana de Cambas,1999,99,153,15,7,95,62,19,15,18,13,4,1,4263468.0,338.4
184020905,20905,Santana de Cambas,2009,49,148,24,14,67,48,11,8,27,22,4,1,3112612.0,261.0
184020905,20905,Santana de Cambas,2019,35,141,49,40,60,45,11,4,46,28,15,3,4784888.0,366.0
184020906,20906,SÃ£o JoÃ£o dos Caldeireiros,1999,57,86,6,11,28,18,9,2,32,28,3,1,3272127.0,392.7
184020906,20906,SÃ£o JoÃ£o dos Caldeireiros,2009,34,65,7,4,29,19,4,6,31,29,2,1,1458670.0,162.6
184020906,20906,SÃ£o JoÃ£o dos Caldeireiros,2019,22,53,8,19,19,15,2,2,35,26,5,4,5856350.0,627.1
184020910,20910,"UniÃ£o das freguesias de SÃ£o Miguel do Pinheiro, SÃ£o Pedro de Solis e SÃ£o SebastiÃ£o dos Carros",1999,147,234,17,13,97,56,28,13,51,41,9,2,4815308.0,340.9
184020910,20910,"UniÃ£o das freguesias de SÃ£o Miguel do Pinheiro, SÃ£o Pedro de Solis e SÃ£o SebastiÃ£o dos Carros",2009,125,254,39,16,117,74,26,17,45,41,2,1,3531132.0,182.4
184020910,20910,"UniÃ£o das freguesias de SÃ£o Miguel do Pinheiro, SÃ£o Pedro de Solis e SÃ£o SebastiÃ£o dos Carros",2019,33,195,70,42,88,65,19,5,61,53,6,2,28801281.0,1310.2
184021001,21001,Amareleja,1999,246,496,62,32,131,89,26,16,69,28,40,1,5276910.0,715.5
184021001,21001,Amareleja,2009,148,545,81,50,168,111,37,21,71,40,30,1,4258958.0,535.1
184021001,21001,Amareleja,2019,91,483,122,93,118,84,18,17,78,50,25,4,8827727.0,1172.1
184021002,21002,PÃ³voa de SÃ£o Miguel,1999,255,550,52,37,195,138,34,23,124,42,79,3,6947063.0,454.3
184021002,21002,PÃ³voa de SÃ£o Miguel,2009,135,523,112,72,157,102,29,25,173,77,91,6,7284067.0,595.0
184021002,21002,PÃ³voa de SÃ£o Miguel,2019,64,413,116,112,244,120,56,68,141,82,22,37,9389545.0,731.6
184021008,21008,Sobral da AdiÃ§a,1999,210,367,45,40,96,59,19,18,113,39,73,2,4003504.0,436.5
184021008,21008,Sobral da AdiÃ§a,2009,113,379,38,56,123,87,25,10,119,64,51,5,4855865.0,401.2
184021008,21008,Sobral da AdiÃ§a,2019,47,258,67,65,126,71,28,28,152,68,73,10,8298647.0,844.8
184021009,21009,UniÃ£o das freguesias de Moura (Santo Agostinho e SÃ£o JoÃ£o Baptista) e Santo Amador,1999,270,641,94,78,285,179,75,32,368,122,232,14,13926158.0,573.2
184021009,21009,UniÃ£o das freguesias de Moura (Santo Agostinho e SÃ£o JoÃ£o Baptista) e Santo Amador,2009,222,601,128,104,286,170,69,47,285,120,136,29,13361277.0,535.2
184021009,21009,UniÃ£o das freguesias de Moura (Santo Agostinho e SÃ£o JoÃ£o Baptista) e Santo Amador,2019,96,595,151,153,224,161,41,22,395,195,126,74,22265792.0,801.1
184021010,21010,UniÃ£o das freguesias de Safara e Santo Aleixo da RestauraÃ§Ã£o,1999,268,447,37,31,128,87,26,15,101,59,40,1,5113028.0,393.8
184021010,21010,UniÃ£o das freguesias de Safara e Santo Aleixo da RestauraÃ§Ã£o,2009,177,314,33,38,102,71,23,8,96,48,46,2,5220093.0,331.4
184021010,21010,UniÃ£o das freguesias de Safara e Santo Aleixo da RestauraÃ§Ã£o,2019,66,283,77,50,125,85,27,14,97,48,42,8,9454933.0,661.0
184021203,21203,Ourique,1999,176,275,41,25,119,79,22,18,90,81,9,1,7150774.0,345.4
184021203,21203,Ourique,2009,110,263,51,32,162,118,30,15,62,55,4,2,7014471.0,319.4
184021203,21203,Ourique,2019,43,237,82,66,144,107,23,14,74,65,4,5,10833316.0,496.1
184021206,21206,Santana da Serra,1999,407,289,18,7,201,132,56,13,7,5,1,2,3058422.0,430.0
184021206,21206,Santana da Serra,2009,200,199,15,15,121,89,21,12,1,0,0,1,1272904.0,204.5
184021206,21206,Santana da Serra,2019,116,211,52,22,159,119,31,9,16,9,5,3,3056631.0,358.0
184021207,21207,UniÃ£o das freguesias de GarvÃ£o e Santa Luzia,1999,76,133,17,12,56,35,13,8,26,19,6,1,2270473.0,388.9
184021207,21207,UniÃ£o das freguesias de GarvÃ£o e Santa Luzia,2009,42,96,25,13,54,42,8,3,25,23,2,1,2692049.0,522.4
184021207,21207,UniÃ£o das freguesias de GarvÃ£o e Santa Luzia,2019,11,89,27,23,53,40,10,4,28,23,1,5,2946666.0,475.8
184021208,21208,UniÃ£o das freguesias de Panoias e ConceiÃ§Ã£o,1999,46,140,13,14,62,44,9,8,46,39,6,1,3464585.0,364.3
184021208,21208,UniÃ£o das freguesias de Panoias e ConceiÃ§Ã£o,2009,33,107,28,13,67,47,10,10,45,32,11,3,6058746.0,548.2
184021208,21208,UniÃ£o das freguesias de Panoias e ConceiÃ§Ã£o,2019,19,107,43,33,59,42,9,8,39,29,6,4,7071225.0,567.5
184021302,21302,Brinches,1999,186,276,31,41,84,51,18,15,127,40,84,3,3394118.0,395.4
184021302,21302,Brinches,2009,89,364,66,46,199,108,59,33,113,57,51,5,3995429.0,466.5
184021302,21302,Brinches,2019,51,274,73,58,81,53,12,17,170,66,31,73,7593005.0,1000.7
184021303,21303,Pias,1999,332,562,80,54,227,148,55,23,228,62,162,4,6929798.0,586.1
184021303,21303,Pias,2009,158,584,91,52,254,142,57,55,226,88,122,16,7518371.0,579.7
184021303,21303,Pias,2019,60,382,106,75,160,124,28,9,278,154,51,72,15581831.0,1074.5
184021307,21307,Vila Verde de Ficalho,1999,213,379,44,50,118,87,22,10,64,30,33,2,3015307.0,404.9
184021307,21307,Vila Verde de Ficalho,2009,144,354,56,65,116,77,22,17,61,41,18,2,3239598.0,408.6
184021307,21307,Vila Verde de Ficalho,2019,76,275,77,90,93,77,11,5,85,39,43,3,4353521.0,542.6
184021308,21308,UniÃ£o das freguesias de Serpa (Salvador e Santa Maria),1999,389,586,111,72,385,222,109,54,279,186,90,3,12468992.0,382.8
184021308,21308,UniÃ£o das freguesias de Serpa (Salvador e Santa Maria),2009,203,705,179,155,375,210,83,82,281,175,84,22,14997906.0,415.6
184021308,21308,UniÃ£o das freguesias de Serpa (Salvador e Santa Maria),2019,92,482,165,136,264,174,50,39,425,263,96,65,29069503.0,776.3
184021309,21309,UniÃ£o das freguesias de Vila Nova de SÃ£o Bento e Vale de Vargo,1999,575,831,74,54,372,225,96,51,215,109,102,4,9978386.0,423.5
184021309,21309,UniÃ£o das freguesias de Vila Nova de SÃ£o Bento e Vale de Vargo,2009,351,1051,152,123,398,217,101,80,123,70,51,2,8522145.0,405.8
184021309,21309,UniÃ£o das freguesias de Vila Nova de SÃ£o Bento e Vale de Vargo,2019,164,783,181,135,270,168,64,38,185,127,40,18,13871492.0,560.6
184021401,21401,PedrÃ³gÃ£o,1999,89,108,17,9,54,35,13,6,116,58,57,1,4461015.0,502.2
184021401,21401,PedrÃ³gÃ£o,2009,42,143,40,18,57,34,12,11,176,96,78,2,4433023.0,486.1
184021401,21401,PedrÃ³gÃ£o,2019,13,124,46,23,45,27,13,6,183,136,36,11,8378087.0,769.4
184021402,21402,Selmes,1999,125,249,53,34,118,74,23,20,179,97,78,4,7090881.0,496.8
184021402,21402,Selmes,2009,75,226,64,56,79,51,14,14,267,128,129,10,7232080.0,659.6
184021402,21402,Selmes,2019,11,121,56,64,60,37,13,11,287,185,23,79,12129995.0,1198.2
184021403,21403,Vidigueira,1999,125,245,44,24,105,70,20,15,73,28,44,1,2075064.0,662.0
184021403,21403,Vidigueira,2009,75,263,63,60,76,51,10,15,35,9,24,2,1423429.0,956.1
184021403,21403,Vidigueira,2019,46,204,69,68,78,50,11,16,35,13,20,2,2226892.0,1831.7
184021404,21404,Vila de Frades,1999,165,269,47,20,127,84,26,16,38,14,23,1,1579946.0,748.5
184021404,21404,Vila de Frades,2009,68,166,29,23,83,59,16,7,34,17,14,2,1355502.0,998.1
184021404,21404,Vila de Frades,2019,21,120,31,43,73,55,16,2,82,43,37,2,2701910.0,1707.5
185110301,110301,Alcoentre,1999,362,514,82,36,319,184,93,42,76,24,51,1,2737582.0,1982.6
185110301,110301,Alcoentre,2009,63,277,38,14,119,79,23,16,83,14,69,1,1902436.0,1880.0
185110301,110301,Alcoentre,2019,27,183,36,29,45,28,12,5,51,30,20,2,2835543.0,2686.1
185110302,110302,Aveiras de Baixo,1999,65,164,34,22,93,54,26,13,60,51,9,1,3841609.0,6645.3
185110302,110302,Aveiras de Baixo,2009,23,90,16,11,37,23,8,7,29,17,12,0,1380888.0,1514.3
185110302,110302,Aveiras de Baixo,2019,6,38,23,15,20,14,3,3,20,17,3,0,757441.0,911.2
185110303,110303,Aveiras de Cima,1999,236,498,81,33,243,139,62,42,93,37,54,1,4187437.0,3170.4
185110303,110303,Aveiras de Cima,2009,109,302,25,25,101,66,23,13,30,14,15,1,1055698.0,1629.9
185110303,110303,Aveiras de Cima,2019,42,265,39,29,143,94,24,25,47,32,14,2,6521309.0,5780.7
185110304,110304,Azambuja,1999,148,341,63,45,199,114,58,27,309,177,125,7,11726718.0,2429.5
185110304,110304,Azambuja,2009,72,259,69,39,114,65,26,23,258,130,125,3,22092778.0,5454.2
185110304,110304,Azambuja,2019,14,99,75,38,78,55,12,12,186,116,60,11,26034641.0,5282.2
185110306,110306,Vale do ParaÃ­so,1999,47,119,23,15,69,42,19,8,9,2,7,0,407043.0,1591.8
185110306,110306,Vale do ParaÃ­so,2009,16,74,11,22,26,14,6,7,0,0,0,0,237961.0,1924.6
185110306,110306,Vale do ParaÃ­so,2019,1,26,8,5,10,7,2,1,14,6,6,3,358251.0,1821.0
185110307,110307,Vila Nova da Rainha,1999,8,26,1,6,11,8,2,1,19,9,8,1,835892.0,1080.2
185110307,110307,Vila Nova da Rainha,2009,1,12,1,0,5,4,1,1,9,6,3,0,1001784.0,1202.8
185110307,110307,Vila Nova da Rainha,2019,0,7,5,2,4,3,1,1,27,12,10,4,4310695.0,3987.9
185110310,110310,"UniÃ£o das freguesias de Manique do Intendente, Vila Nova de SÃ£o Pedro e MaÃ§ussa",1999,317,788,136,87,391,245,97,48,120,19,98,4,5367548.0,2462.0
185110310,110310,"UniÃ£o das freguesias de Manique do Intendente, Vila Nova de SÃ£o Pedro e MaÃ§ussa",2009,58,451,68,49,151,98,37,16,42,19,21,2,2981254.0,838.6
185110310,110310,"UniÃ£o das freguesias de Manique do Intendente, Vila Nova de SÃ£o Pedro e MaÃ§ussa",2019,21,219,38,42,91,60,20,11,45,34,9,2,3477031.0,3505.3
185140301,140301,Almeirim,1999,281,623,88,75,489,272,166,51,376,82,289,4,7613117.0,2550.2
185140301,140301,Almeirim,2009,113,537,57,57,274,172,73,29,184,69,110,5,14306619.0,3533.0
185140301,140301,Almeirim,2019,37,294,59,54,157,116,30,11,315,160,121,34,18641398.0,3042.3
185140302,140302,Benfica do Ribatejo,1999,308,538,67,37,228,114,81,33,310,66,240,4,7353592.0,2810.8
185140302,140302,Benfica do Ribatejo,2009,89,326,39,24,189,109,57,23,188,38,148,1,10786051.0,5811.2
185140302,140302,Benfica do Ribatejo,2019,50,319,61,45,142,81,40,21,164,97,57,11,12171910.0,4954.2
185140303,140303,Fazendas de Almeirim,1999,520,882,81,57,558,313,180,65,239,7,227,5,5825723.0,1990.6
185140303,140303,Fazendas de Almeirim,2009,260,929,83,57,441,242,123,75,96,36,60,1,7799554.0,3126.2
185140303,140303,Fazendas de Almeirim,2019,94,514,71,48,244,146,57,40,139,46,89,3,8136121.0,3486.2
185140304,140304,Raposa,1999,36,46,3,6,28,18,7,3,43,13,29,1,1583030.0,2274.5
185140304,140304,Raposa,2009,8,34,8,5,17,13,2,2,24,19,4,1,1564564.0,1259.6
185140304,140304,Raposa,2019,4,15,8,4,10,8,2,0,36,31,3,2,1681174.0,1190.0
185140401,140401,AlpiarÃ§a,1999,490,1063,110,62,732,411,253,69,543,171,368,5,18477123.0,1911.0
185140401,140401,AlpiarÃ§a,2009,134,809,110,87,463,255,140,69,333,177,150,7,17726695.0,3596.0
185140401,140401,AlpiarÃ§a,2019,54,399,109,77,181,101,47,33,403,242,135,26,23600340.0,4394.5
185140501,140501,Benavente,1999,149,386,60,33,186,124,52,10,277,203,70,4,14179063.0,2484.7
185140501,140501,Benavente,2009,51,273,63,26,157,106,38,13,308,234,73,2,31738413.0,3560.3
185140501,140501,Benavente,2019,25,217,48,45,86,55,21,10,173,139,22,13,20986129.0,1834.3
185140502,140502,Samora Correia,1999,191,380,33,29,172,95,52,25,475,395,71,9,23902715.0,898.9
185140502,140502,Samora Correia,2009,44,159,34,27,91,60,21,11,506,481,17,8,43443326.0,2470.6
185140502,140502,Samora Correia,2019,19,108,35,39,59,37,14,7,447,408,30,9,25569792.0,1283.1
185140503,140503,Santo EstÃªvÃ£o,1999,108,227,17,21,116,57,39,21,68,38,29,1,3877577.0,1158.4
185140503,140503,Santo EstÃªvÃ£o,2009,47,86,9,14,42,26,9,8,78,40,37,0,2707198.0,1429.5
185140503,140503,Santo EstÃªvÃ£o,2019,6,49,10,15,23,14,5,4,24,17,3,4,1635738.0,1100.9
185140504,140504,Barrosa,1999,16,33,1,0,17,12,4,0,17,13,3,0,1102742.0,1076.6
185140504,140504,Barrosa,2009,4,30,1,6,18,12,5,1,12,8,4,0,621479.0,1554.1
185140504,140504,Barrosa,2019,2,22,3,2,8,6,2,0,2,1,1,0,231298.0,1298.0
185140604,140604,PontÃ©vel,1999,249,552,74,59,317,176,98,44,175,125,49,1,7915691.0,4711.5
185140604,140604,PontÃ©vel,2009,89,212,18,35,118,72,38,8,40,27,13,0,2346741.0,2461.2
185140604,140604,PontÃ©vel,2019,6,146,32,45,65,42,15,7,53,39,12,2,4384983.0,5142.5
185140605,140605,Valada,1999,29,122,26,35,79,45,18,16,198,81,113,3,6524054.0,2393.9
185140605,140605,Valada,2009,20,80,23,19,56,37,14,5,161,64,93,4,18537915.0,5984.1
185140605,140605,Valada,2019,14,51,14,17,35,20,10,6,197,93,85,19,19637893.0,4856.1
185140607,140607,Vila ChÃ£ de Ourique,1999,48,266,39,28,98,62,26,11,108,53,54,1,4791477.0,3371.2
185140607,140607,Vila ChÃ£ de Ourique,2009,24,175,33,28,83,47,23,13,178,149,28,1,20955598.0,14651.0
185140607,140607,Vila ChÃ£ de Ourique,2019,14,127,37,27,51,32,12,8,87,43,35,9,8276839.0,3584.7
185140608,140608,Vale da Pedra,1999,51,130,16,11,69,41,19,8,24,18,6,0,747892.0,988.6
185140608,140608,Vale da Pedra,2009,20,46,19,9,22,13,6,3,9,6,3,0,296592.0,860.7
185140608,140608,Vale da Pedra,2019,3,25,11,4,12,8,3,1,17,13,3,1,1403744.0,1461.4
185140609,140609,UniÃ£o das freguesias do Cartaxo e Vale da Pinta,1999,124,277,47,23,132,88,35,9,108,79,29,1,6435675.0,8370.7
185140609,140609,UniÃ£o das freguesias do Cartaxo e Vale da Pinta,2009,22,122,22,26,65,45,15,6,112,103,9,0,5463186.0,8685.9
185140609,140609,UniÃ£o das freguesias do Cartaxo e Vale da Pinta,2019,15,75,33,38,49,31,10,9,90,81,8,1,5102969.0,4604.4
185140610,140610,UniÃ£o das freguesias de Ereira e Lapa,1999,136,336,38,42,141,80,38,23,36,5,31,1,1574544.0,2178.9
185140610,140610,UniÃ£o das freguesias de Ereira e Lapa,2009,40,198,38,23,66,38,17,11,24,14,10,0,1075249.0,2057.6
185140610,140610,UniÃ£o das freguesias de Ereira e Lapa,2019,14,130,33,21,78,43,17,18,19,11,7,0,1374081.0,3604.2
185140704,140704,Ulme,1999,32,55,3,7,58,38,17,3,38,8,17,13,3256590.0,1007.7
185140704,140704,Ulme,2009,9,44,5,7,29,20,9,1,64,28,35,1,1460739.0,708.7
185140704,140704,Ulme,2019,11,52,8,15,19,13,3,3,54,44,8,2,3042566.0,930.5
185140705,140705,Vale de Cavalos,1999,34,80,15,16,64,38,18,8,108,66,40,2,4745990.0,3143.9
185140705,140705,Vale de Cavalos,2009,6,82,16,13,44,25,12,6,168,83,84,1,9236840.0,1438.5
185140705,140705,Vale de Cavalos,2019,15,56,15,21,24,17,4,2,110,80,26,4,10505417.0,1786.8
185140707,140707,Carregueira,1999,120,269,19,8,144,84,50,10,14,5,5,4,1123674.0,1892.6
185140707,140707,Carregueira,2009,50,194,17,8,79,53,18,8,39,25,13,1,3029878.0,543.1
185140707,140707,Carregueira,2019,14,68,26,11,33,20,8,5,30,20,8,1,4586910.0,2392.8
185140708,140708,UniÃ£o das freguesias da Chamusca e Pinheiro Grande,1999,124,295,48,36,187,113,51,23,148,49,83,16,4561742.0,1315.3
185140708,140708,UniÃ£o das freguesias da Chamusca e Pinheiro Grande,2009,24,223,29,21,98,68,23,6,49,28,19,2,5277611.0,2468.5
185140708,140708,UniÃ£o das freguesias da Chamusca e Pinheiro Grande,2019,21,100,33,29,58,35,19,4,87,69,12,6,4763615.0,1411.3
185140709,140709,UniÃ£o das freguesias de Parreira e Chouto,1999,104,158,20,24,147,86,46,16,129,88,34,8,6100223.0,457.7
185140709,140709,UniÃ£o das freguesias de Parreira e Chouto,2009,33,141,20,25,93,58,28,6,127,97,27,3,6607371.0,411.9
185140709,140709,UniÃ£o das freguesias de Parreira e Chouto,2019,19,152,49,42,58,36,13,10,125,73,39,13,10314772.0,841.4
185140902,140902,CouÃ§o,1999,140,172,29,41,102,71,25,6,288,148,134,5,18051224.0,704.5
185140902,140902,CouÃ§o,2009,47,125,30,40,57,40,12,5,150,102,43,5,13002398.0,908.2
185140902,140902,CouÃ§o,2019,26,109,29,83,44,30,8,6,162,99,20,44,21226766.0,1186.4
185140903,140903,SÃ£o JosÃ© da Lamarosa,1999,313,402,29,17,147,76,46,24,78,36,40,2,5443170.0,916.0
185140903,140903,SÃ£o JosÃ© da Lamarosa,2009,170,269,20,21,166,102,52,12,83,53,29,1,5666171.0,1158.1
185140903,140903,SÃ£o JosÃ© da Lamarosa,2019,65,239,35,33,87,56,24,7,84,54,27,3,8806815.0,2321.9
185140905,140905,Branca,1999,128,223,30,17,171,89,68,14,139,95,43,2,6955604.0,1050.2
185140905,140905,Branca,2009,91,204,33,20,102,60,31,12,65,55,9,1,5010195.0,908.7
185140905,140905,Branca,2019,43,205,48,37,58,37,17,5,67,56,10,2,7380733.0,1628.6
185140907,140907,Biscainho,1999,51,128,20,14,113,54,45,14,106,79,25,1,5814714.0,1021.1
185140907,140907,Biscainho,2009,18,60,14,10,24,19,4,1,80,58,21,1,5496154.0,856.5
185140907,140907,Biscainho,2019,9,39,10,13,11,7,3,1,57,41,14,2,9370956.0,2007.6
185140908,140908,Santana do Mato,1999,109,145,23,13,79,49,21,9,59,41,17,2,5760122.0,903.2
185140908,140908,Santana do Mato,2009,37,82,7,16,44,25,10,9,26,22,3,1,4641585.0,609.6
185140908,140908,Santana do Mato,2019,18,104,19,27,36,19,8,9,34,25,7,2,6350037.0,1180.5
185140909,140909,"UniÃ£o das freguesias de Coruche, Fajarda e Erra",1999,501,797,121,87,464,263,146,55,405,246,147,12,20389919.0,1185.2
185140909,140909,"UniÃ£o das freguesias de Coruche, Fajarda e Erra",2009,186,495,91,69,221,138,62,20,264,192,64,8,26745444.0,1565.7
185140909,140909,"UniÃ£o das freguesias de Coruche, Fajarda e Erra",2019,69,342,74,92,138,94,37,7,299,183,84,31,34733773.0,1675.4
185141201,141201,Azinhaga,1999,59,124,21,20,90,60,22,8,101,41,58,2,3293970.0,1628.3
185141201,141201,Azinhaga,2009,22,81,20,15,63,43,14,7,56,39,12,5,4595512.0,1681.3
185141201,141201,Azinhaga,2019,13,81,24,19,35,26,7,2,113,79,24,10,8753269.0,2280.7
185141202,141202,GolegÃ£,1999,117,224,42,46,177,116,41,20,202,92,108,2,5291508.0,1485.8
185141202,141202,GolegÃ£,2009,8,158,38,35,102,62,26,15,105,78,25,3,7700757.0,2492.5
185141202,141202,GolegÃ£,2019,18,93,35,36,44,33,8,4,172,99,62,11,10412832.0,2181.5
185141203,141203,Pombalinho,1999,11,55,6,11,26,16,8,3,24,9,14,1,995502.0,2141.6
185141203,141203,Pombalinho,2009,8,33,5,5,21,12,4,5,24,13,11,0,1798399.0,3203.4
185141203,141203,Pombalinho,2019,3,18,5,2,7,6,1,0,11,5,6,1,1223071.0,3768.4
185141401,141401,Alcobertas,1999,341,584,48,14,323,167,120,36,7,4,2,1,7751919.0,10906.1
185141401,141401,Alcobertas,2009,158,380,41,18,169,100,64,5,12,6,6,0,4542114.0,2602.2
185141401,141401,Alcobertas,2019,23,221,27,18,70,42,22,6,16,11,4,1,5828617.0,13031.0
185141402,141402,Arrouquelas,1999,75,196,23,12,73,41,24,9,22,10,11,0,2050638.0,5001.6
185141402,141402,Arrouquelas,2009,20,98,22,6,31,21,6,4,23,23,0,0,5599761.0,3205.7
185141402,141402,Arrouquelas,2019,11,67,23,11,27,16,8,3,54,42,11,1,3632811.0,10241.1
185141405,141405,FrÃ¡guas,1999,213,378,45,11,146,72,45,29,30,11,19,1,4727502.0,7605.3
185141405,141405,FrÃ¡guas,2009,54,185,14,4,74,50,22,2,45,33,12,0,4187020.0,8373.5
185141405,141405,FrÃ¡guas,2019,27,127,19,10,53,27,17,9,37,31,4,1,4582063.0,13300.6
185141408,141408,Rio Maior,1999,352,954,93,52,506,285,166,54,115,62,49,4,12644903.0,6474.1
185141408,141408,Rio Maior,2009,130,500,77,35,295,150,106,39,55,44,10,0,9422368.0,7476.1
185141408,141408,Rio Maior,2019,57,274,64,48,90,56,21,13,95,60,32,3,13952685.0,9839.6
185141410,141410,Asseiceira,1999,40,117,6,8,59,32,21,6,7,5,1,1,1152842.0,4053.0
185141410,141410,Asseiceira,2009,16,60,13,8,38,18,13,8,10,10,0,0,1140501.0,1480.2
185141410,141410,Asseiceira,2019,12,51,12,7,14,8,4,2,10,8,1,0,1407314.0,16163.0
185141411,141411,SÃ£o SebastiÃ£o,1999,17,90,1,0,52,28,23,1,7,3,3,0,2342181.0,11013.7
185141411,141411,SÃ£o SebastiÃ£o,2009,18,71,3,2,28,21,8,0,3,3,0,0,805904.0,4103.8
185141411,141411,SÃ£o SebastiÃ£o,2019,26,94,26,6,29,18,8,3,13,6,4,2,1495044.0,6907.4
185141415,141415,UniÃ£o das freguesias de Azambujeira e Malaqueijo,1999,162,322,53,27,147,82,49,16,27,6,19,1,2981089.0,2678.6
185141415,141415,UniÃ£o das freguesias de Azambujeira e Malaqueijo,2009,35,187,14,20,63,43,18,3,29,20,7,1,3391549.0,4492.9
185141415,141415,UniÃ£o das freguesias de Azambujeira e Malaqueijo,2019,12,127,18,16,39,22,11,6,69,45,21,4,7358303.0,9237.7
185141416,141416,UniÃ£o das freguesias de Marmeleira e Assentiz,1999,29,216,33,12,87,50,24,13,29,15,13,1,2015286.0,4504.3
185141416,141416,UniÃ£o das freguesias de Marmeleira e Assentiz,2009,19,86,11,10,28,19,8,0,23,21,2,0,2775633.0,6486.6
185141416,141416,UniÃ£o das freguesias de Marmeleira e Assentiz,2019,17,95,39,15,42,26,11,5,35,30,5,1,4359359.0,7656.5
185141417,141417,UniÃ£o das freguesias de Outeiro da CortiÃ§ada e Arruda dos PisÃµes,1999,213,393,75,42,165,80,58,28,21,7,13,1,3841704.0,3238.2
185141417,141417,UniÃ£o das freguesias de Outeiro da CortiÃ§ada e Arruda dos PisÃµes,2009,41,151,30,11,67,49,16,2,36,27,9,0,2434870.0,2405.6
185141417,141417,UniÃ£o das freguesias de Outeiro da CortiÃ§ada e Arruda dos PisÃµes,2019,18,135,25,17,32,19,10,3,28,15,13,1,2145818.0,3304.4
185141418,141418,UniÃ£o das freguesias de SÃ£o JoÃ£o da Ribeira e Ribeira de SÃ£o JoÃ£o,1999,122,291,28,20,133,75,45,14,62,50,10,2,7460492.0,8493.2
185141418,141418,UniÃ£o das freguesias de SÃ£o JoÃ£o da Ribeira e Ribeira de SÃ£o JoÃ£o,2009,41,158,22,14,66,41,21,4,25,14,11,0,3700242.0,4561.9
185141418,141418,UniÃ£o das freguesias de SÃ£o JoÃ£o da Ribeira e Ribeira de SÃ£o JoÃ£o,2019,12,115,26,27,37,23,9,6,32,23,9,1,4519181.0,8304.1
185141502,141502,Marinhais,1999,195,276,39,24,190,101,66,24,93,49,41,3,4645931.0,3552.3
185141502,141502,Marinhais,2009,82,169,22,5,83,53,24,5,66,45,21,0,4721563.0,5875.0
185141502,141502,Marinhais,2019,26,134,34,17,34,21,10,2,52,24,24,4,3459618.0,3809.5
185141503,141503,Muge,1999,67,105,20,4,57,31,15,11,177,114,62,1,4485799.0,937.7
185141503,141503,Muge,2009,13,38,6,6,21,17,5,0,127,98,29,0,7063835.0,3789.8
185141503,141503,Muge,2019,2,36,9,5,13,10,3,1,97,69,20,8,8390398.0,2875.6
185141507,141507,UniÃ£o das freguesias de GlÃ³ria do Ribatejo e Granho,1999,172,264,19,14,115,59,44,12,73,1,70,2,1162838.0,2306.8
185141507,141507,UniÃ£o das freguesias de GlÃ³ria do Ribatejo e Granho,2009,139,223,27,8,80,64,15,0,7,6,1,0,1233726.0,1770.3
185141507,141507,UniÃ£o das freguesias de GlÃ³ria do Ribatejo e Granho,2019,46,177,27,24,39,23,12,4,41,40,1,0,8292593.0,6690.3
185141508,141508,UniÃ£o das freguesias de Salvaterra de Magos e Foros de Salvaterra,1999,410,633,79,50,416,236,140,40,290,121,164,5,12871965.0,2695.9
185141508,141508,UniÃ£o das freguesias de Salvaterra de Magos e Foros de Salvaterra,2009,112,329,39,38,201,126,59,16,156,74,80,3,14779369.0,3050.4
185141508,141508,UniÃ£o das freguesias de Salvaterra de Magos e Foros de Salvaterra,2019,50,244,44,25,81,64,12,6,206,159,37,10,27423888.0,5251.2
185141601,141601,Abitureiras,1999,148,324,35,15,128,71,43,14,51,41,8,1,2586956.0,1711.1
185141601,141601,Abitureiras,2009,51,293,58,40,167,80,48,39,33,25,6,2,2387812.0,1264.9
185141601,141601,Abitureiras,2019,16,183,45,38,57,37,11,10,36,28,6,2,4124441.0,3051.9
185141602,141602,AbrÃ£,1999,84,259,21,7,62,32,22,8,9,3,6,1,565071.0,1028.4
185141602,141602,AbrÃ£,2009,32,181,15,16,63,36,22,6,14,14,0,0,304647.0,717.9
185141602,141602,AbrÃ£,2019,23,131,26,15,34,19,8,7,8,7,1,1,549055.0,1825.1
185141604,141604,Alcanede,1999,533,1418,129,48,462,238,144,80,42,8,29,4,7726170.0,3263.8
185141604,141604,Alcanede,2009,293,713,57,58,300,182,101,17,20,15,5,0,6921914.0,4077.9
185141604,141604,Alcanede,2019,101,633,104,60,155,81,44,30,204,172,25,7,40670780.0,21670.6
185141605,141605,AlcanhÃµes,1999,57,208,49,34,67,39,15,13,121,30,90,2,3341561.0,1755.3
185141605,141605,AlcanhÃµes,2009,15,104,15,18,23,16,5,1,57,45,12,0,3741391.0,4859.4
185141605,141605,AlcanhÃµes,2019,8,67,28,10,27,17,4,7,37,18,9,10,2103883.0,1724.6
185141606,141606,Almoster,1999,135,354,54,20,193,111,64,18,87,66,19,1,11717544.0,9011.5
185141606,141606,Almoster,2009,12,404,40,25,83,45,30,8,71,60,10,1,8699282.0,10049.8
185141606,141606,Almoster,2019,41,265,72,52,62,31,18,13,283,266,12,5,43097182.0,26507.3
185141607,141607,Amiais de Baixo,1999,76,111,16,3,31,15,11,4,3,0,3,0,207346.0,1288.8
185141607,141607,Amiais de Baixo,2009,19,88,3,9,25,15,9,2,0,0,0,0,55409.0,617.1
185141607,141607,Amiais de Baixo,2019,2,21,8,4,7,3,1,2,0,0,0,0,14225.0,502.5
185141608,141608,Arneiro das MilhariÃ§as,1999,87,169,29,6,47,26,13,8,4,0,3,1,300260.0,763.1
185141608,141608,Arneiro das MilhariÃ§as,2009,19,133,31,5,51,21,13,18,1,0,0,0,137915.0,753.5
185141608,141608,Arneiro das MilhariÃ§as,2019,16,109,35,14,25,13,6,6,2,0,2,0,345177.0,1041.6
185141613,141613,MoÃ§arria,1999,113,242,24,18,69,43,18,8,17,4,11,1,1022664.0,1361.0
185141613,141613,MoÃ§arria,2009,33,173,28,18,53,31,14,8,10,5,4,1,630559.0,1035.1
185141613,141613,MoÃ§arria,2019,31,189,51,27,53,31,12,10,14,6,7,1,1326980.0,2191.8
185141614,141614,Pernes,1999,102,179,18,15,60,28,18,14,58,51,6,1,4377678.0,6125.6
185141614,141614,Pernes,2009,50,153,24,14,60,34,20,6,43,39,3,0,3315416.0,4429.6
185141614,141614,Pernes,2019,11,72,16,13,25,18,4,3,27,23,4,1,2092935.0,4722.2
185141616,141616,PÃ³voa da Isenta,1999,40,233,24,18,89,52,24,13,33,18,15,1,2948627.0,6641.5
185141616,141616,PÃ³voa da Isenta,2009,10,117,25,17,41,24,9,8,34,23,11,1,2691834.0,4063.5
185141616,141616,PÃ³voa da Isenta,2019,6,91,35,26,27,17,7,3,21,16,4,1,506568.0,1020.7
185141625,141625,Vale de SantarÃ©m,1999,68,274,45,26,104,52,36,16,268,246,21,1,2431610.0,2627.1
185141625,141625,Vale de SantarÃ©m,2009,3,194,9,0,28,14,13,1,27,25,1,0,1385570.0,2352.9
185141625,141625,Vale de SantarÃ©m,2019,27,110,35,17,27,16,6,6,50,38,11,1,2361456.0,3635.8
185141628,141628,GanÃ§aria,1999,37,109,10,4,53,29,21,4,3,0,3,0,735760.0,4574.5
185141628,141628,GanÃ§aria,2009,29,87,10,3,27,18,9,1,0,0,0,0,355154.0,3264.6
185141628,141628,GanÃ§aria,2019,17,57,12,3,16,9,6,1,2,0,1,0,558059.0,7512.9
185141629,141629,"UniÃ£o das freguesias de Achete, Azoia de Baixo e PÃ³voa de SantarÃ©m",1999,351,599,89,75,246,143,70,33,71,30,36,5,4735718.0,1234.1
185141629,141629,"UniÃ£o das freguesias de Achete, Azoia de Baixo e PÃ³voa de SantarÃ©m",2009,106,471,60,45,206,123,67,16,63,21,40,2,3327286.0,1133.8
185141629,141629,"UniÃ£o das freguesias de Achete, Azoia de Baixo e PÃ³voa de SantarÃ©m",2019,44,362,92,45,165,101,46,18,148,58,79,11,11427929.0,2570.3
185141630,141630,UniÃ£o das freguesias de Azoia de Cima e TremÃªs,1999,287,484,76,34,200,114,62,24,26,12,12,2,2055191.0,1174.3
185141630,141630,UniÃ£o das freguesias de Azoia de Cima e TremÃªs,2009,129,373,38,42,99,72,19,9,106,103,2,1,1213663.0,819.8
185141630,141630,UniÃ£o das freguesias de Azoia de Cima e TremÃªs,2019,55,326,63,56,104,59,31,14,35,20,11,3,1659442.0,1350.6
185141631,141631,UniÃ£o das freguesias de CasÃ©vel e Vaqueiros,1999,236,476,79,55,147,83,38,26,61,22,36,3,2556060.0,1171.6
185141631,141631,UniÃ£o das freguesias de CasÃ©vel e Vaqueiros,2009,132,342,89,49,80,54,11,15,11,6,4,1,1849538.0,843.8
185141631,141631,UniÃ£o das freguesias de CasÃ©vel e Vaqueiros,2019,50,237,58,43,75,53,15,7,191,52,131,7,3570962.0,1468.4
185141632,141632,UniÃ£o das freguesias de Romeira e VÃ¡rzea,1999,174,443,74,57,126,79,35,12,37,23,12,3,6320588.0,2031.0
185141632,141632,UniÃ£o das freguesias de Romeira e VÃ¡rzea,2009,70,261,57,42,81,57,18,6,45,35,10,1,3106059.0,2290.3
185141632,141632,UniÃ£o das freguesias de Romeira e VÃ¡rzea,2019,45,239,73,66,82,54,17,12,29,19,5,6,2798252.0,1858.4
185141633,141633,"UniÃ£o das freguesias de SantarÃ©m (Marvila), Santa Iria da Ribeira de SantarÃ©m, SantarÃ©m (SÃ£o Salvador) e SantarÃ©m (SÃ£o Nicolau)",1999,116,441,87,65,286,156,91,40,159,66,90,3,4769420.0,1875.8
185141633,141633,"UniÃ£o das freguesias de SantarÃ©m (Marvila), Santa Iria da Ribeira de SantarÃ©m, SantarÃ©m (SÃ£o Salvador) e SantarÃ©m (SÃ£o Nicolau)",2009,33,301,56,51,181,96,49,36,113,55,56,3,7264967.0,3026.9
185141633,141633,"UniÃ£o das freguesias de SantarÃ©m (Marvila), Santa Iria da Ribeira de SantarÃ©m, SantarÃ©m (SÃ£o Salvador) e SantarÃ©m (SÃ£o Nicolau)",2019,22,178,85,70,87,59,16,11,107,61,40,6,5258735.0,2103.2
185141634,141634,UniÃ£o das freguesias de SÃ£o Vicente do Paul e Vale de Figueira,1999,343,592,133,84,274,160,83,32,274,153,117,4,13477700.0,2318.1
185141634,141634,UniÃ£o das freguesias de SÃ£o Vicente do Paul e Vale de Figueira,2009,106,422,54,53,180,103,57,21,184,113,68,3,9734151.0,2770.8
185141634,141634,UniÃ£o das freguesias de SÃ£o Vicente do Paul e Vale de Figueira,2019,58,334,92,67,160,97,41,22,228,134,45,49,20582172.0,3118.7
186120101,120101,Alter do ChÃ£o,1999,56,241,38,43,89,65,21,4,93,56,35,2,4217214.0,344.6
186120101,120101,Alter do ChÃ£o,2009,57,198,40,40,53,35,14,4,37,32,4,1,4385779.0,315.9
186120101,120101,Alter do ChÃ£o,2019,15,121,31,42,57,39,11,7,83,67,13,3,12546956.0,911.7
186120102,120102,Chancelaria,1999,25,135,12,16,55,35,17,3,26,15,10,1,1473865.0,355.0
186120102,120102,Chancelaria,2009,15,55,15,15,31,20,4,8,27,22,4,0,2306384.0,338.7
186120102,120102,Chancelaria,2019,12,65,28,34,36,21,8,7,31,28,1,2,1968729.0,339.0
186120103,120103,Seda,1999,24,76,12,16,33,22,10,2,141,82,58,1,3880286.0,425.7
186120103,120103,Seda,2009,12,60,9,16,24,15,6,3,99,78,12,10,5103374.0,518.3
186120103,120103,Seda,2019,15,44,15,29,25,18,6,1,100,67,5,29,5981361.0,763.5
186120104,120104,Cunheira,1999,31,44,3,6,24,15,8,1,26,20,5,0,2220213.0,527.5
186120104,120104,Cunheira,2009,15,25,3,0,8,5,3,0,4,3,1,0,602837.0,221.9
186120104,120104,Cunheira,2019,0,21,5,4,8,4,1,2,12,11,0,0,802150.0,280.6
186120201,120201,AssunÃ§Ã£o,1999,102,197,51,35,130,83,27,19,128,107,14,8,6093127.0,357.7
186120201,120201,AssunÃ§Ã£o,2009,67,172,47,63,86,59,10,17,113,99,13,2,7131888.0,383.1
186120201,120201,AssunÃ§Ã£o,2019,24,145,66,59,74,53,8,12,99,76,11,12,10706799.0,585.1
186120202,120202,EsperanÃ§a,1999,235,264,53,29,147,98,38,12,25,8,14,3,2724732.0,531.2
186120202,120202,EsperanÃ§a,2009,79,242,39,20,73,44,20,9,15,10,5,1,2703803.0,746.0
186120202,120202,EsperanÃ§a,2019,17,147,36,34,93,62,21,10,19,12,4,3,1921327.0,545.1
186120203,120203,Mosteiros,1999,66,91,25,6,53,37,14,2,21,13,6,1,1914050.0,472.8
186120203,120203,Mosteiros,2009,43,81,19,15,23,13,7,3,17,14,2,0,1413300.0,392.7
186120203,120203,Mosteiros,2019,13,51,11,11,31,27,3,2,17,15,0,2,2038607.0,475.4
186120302,120302,Aldeia Velha,1999,37,61,7,7,33,20,9,5,59,36,21,1,2579527.0,413.9
186120302,120302,Aldeia Velha,2009,14,75,15,12,23,17,5,1,68,39,29,1,2145782.0,319.3
186120302,120302,Aldeia Velha,2019,11,62,28,57,36,26,5,6,45,35,4,6,3358988.0,414.4
186120303,120303,Avis,1999,71,185,32,45,85,61,16,8,125,74,49,2,3990854.0,464.1
186120303,120303,Avis,2009,35,87,25,38,23,12,8,3,152,57,24,72,4267361.0,448.3
186120303,120303,Avis,2019,11,69,21,44,23,20,2,1,84,55,17,12,3522561.0,634.4
186120305,120305,Ervedal,1999,34,88,15,33,57,45,8,5,81,32,48,1,2678403.0,538.5
186120305,120305,Ervedal,2009,16,73,16,18,30,18,6,6,78,26,18,34,2512815.0,617.4
186120305,120305,Ervedal,2019,5,45,15,23,24,19,2,3,33,22,4,8,2422095.0,784.7
186120306,120306,Figueira e Barros,1999,37,64,4,14,35,25,9,2,48,33,15,1,1583149.0,457.6
186120306,120306,Figueira e Barros,2009,9,38,11,14,17,12,3,1,75,54,20,1,3034052.0,523.8
186120306,120306,Figueira e Barros,2019,13,43,12,20,15,12,2,2,55,43,2,10,5701477.0,917.5
186120309,120309,UniÃ£o das freguesias de AlcÃ³rrego e MaranhÃ£o,1999,35,60,12,13,39,29,8,2,59,33,24,2,2816630.0,485.6
186120309,120309,UniÃ£o das freguesias de AlcÃ³rrego e MaranhÃ£o,2009,18,80,22,16,26,14,6,6,49,43,6,0,2823926.0,360.4
186120309,120309,UniÃ£o das freguesias de AlcÃ³rrego e MaranhÃ£o,2019,15,51,15,18,20,17,2,1,86,62,12,12,7630277.0,646.1
186120310,120310,UniÃ£o das freguesias de Benavila e Valongo,1999,70,143,35,28,76,49,17,10,122,93,27,2,6059675.0,453.6
186120310,120310,UniÃ£o das freguesias de Benavila e Valongo,2009,17,123,20,22,34,20,9,6,106,63,13,30,4461967.0,353.6
186120310,120310,UniÃ£o das freguesias de Benavila e Valongo,2019,11,90,30,24,35,31,2,2,139,89,1,50,9021167.0,686.6
186120401,120401,Nossa Senhora da ExpectaÃ§Ã£o,1999,319,604,99,69,241,195,30,15,193,68,115,10,5980012.0,533.3
186120401,120401,Nossa Senhora da ExpectaÃ§Ã£o,2009,114,435,70,69,212,154,42,15,177,131,40,6,9036115.0,1222.8
186120401,120401,Nossa Senhora da ExpectaÃ§Ã£o,2019,41,301,93,61,182,120,43,19,238,141,64,33,12661741.0,1283.2
186120402,120402,Nossa Senhora da GraÃ§a dos Degolados,1999,23,48,13,8,43,23,12,7,19,14,4,1,1101145.0,371.6
186120402,120402,Nossa Senhora da GraÃ§a dos Degolados,2009,6,40,12,10,19,10,6,3,15,13,2,0,960700.0,403.0
186120402,120402,Nossa Senhora da GraÃ§a dos Degolados,2019,2,24,9,9,13,8,3,2,55,50,3,2,2443758.0,732.4
186120403,120403,SÃ£o JoÃ£o Baptista,1999,156,331,57,58,231,119,72,40,127,66,57,4,3258266.0,471.5
186120403,120403,SÃ£o JoÃ£o Baptista,2009,80,267,51,56,100,72,23,5,70,43,17,10,4798622.0,556.9
186120403,120403,SÃ£o JoÃ£o Baptista,2019,44,261,78,63,128,70,34,24,123,65,47,11,7368240.0,961.0
186120501,120501,Nossa Senhora da GraÃ§a de PÃ³voa e Meadas,1999,32,79,18,13,49,29,13,6,27,23,2,2,1850335.0,239.2
186120501,120501,Nossa Senhora da GraÃ§a de PÃ³voa e Meadas,2009,18,69,6,14,19,12,5,2,6,5,1,0,1497977.0,306.9
186120501,120501,Nossa Senhora da GraÃ§a de PÃ³voa e Meadas,2019,14,53,7,8,35,26,7,2,21,20,0,1,1690738.0,323.5
186120502,120502,Santa Maria da Devesa,1999,129,126,9,16,125,75,42,8,12,7,6,0,1365543.0,396.0
186120502,120502,Santa Maria da Devesa,2009,73,170,13,14,41,25,14,3,4,2,1,1,1251221.0,345.1
186120502,120502,Santa Maria da Devesa,2019,29,98,24,21,72,52,16,4,13,10,1,1,1922981.0,506.3
186120503,120503,Santiago Maior,1999,65,73,9,11,72,43,24,4,6,5,1,0,1932527.0,462.4
186120503,120503,Santiago Maior,2009,25,100,7,12,28,18,8,2,4,3,1,0,1855906.0,346.9
186120503,120503,Santiago Maior,2019,22,67,23,14,58,39,14,5,8,6,0,1,2249211.0,502.9
186120504,120504,SÃ£o JoÃ£o Baptista,1999,54,96,29,16,73,44,24,5,24,15,9,0,2242140.0,419.1
186120504,120504,SÃ£o JoÃ£o Baptista,2009,21,107,5,11,24,16,7,2,10,8,1,1,2024543.0,317.0
186120504,120504,SÃ£o JoÃ£o Baptista,2019,13,59,8,13,41,28,10,3,12,11,1,1,2085199.0,485.2
186120601,120601,Aldeia da Mata,1999,32,78,7,10,32,23,6,2,3,1,2,0,1137280.0,501.3
186120601,120601,Aldeia da Mata,2009,17,61,10,8,14,10,4,1,8,7,1,0,652723.0,290.4
186120601,120601,Aldeia da Mata,2019,6,54,13,19,30,20,9,1,4,4,0,0,796030.0,311.1
186120604,120604,GÃ¡fete,1999,110,189,20,12,71,46,19,6,11,4,7,0,1342044.0,638.9
186120604,120604,GÃ¡fete,2009,59,152,16,2,36,21,12,3,3,2,0,1,974237.0,413.3
186120604,120604,GÃ¡fete,2019,21,109,25,14,31,22,4,4,6,6,1,0,929791.0,500.7
186120605,120605,Monte da Pedra,1999,63,58,8,8,36,24,10,2,7,3,4,0,994462.0,657.2
186120605,120605,Monte da Pedra,2009,18,53,16,14,17,9,4,3,5,3,1,0,1488471.0,615.7
186120605,120605,Monte da Pedra,2019,14,65,26,32,27,18,5,4,12,8,3,2,2026633.0,594.0
186120607,120607,"UniÃ£o das freguesias de Crato e MÃ¡rtires, Flor da Rosa e Vale do Peso",1999,106,292,53,51,133,99,23,12,118,98,16,4,9187053.0,458.7
186120607,120607,"UniÃ£o das freguesias de Crato e MÃ¡rtires, Flor da Rosa e Vale do Peso",2009,58,257,47,37,66,39,17,10,76,71,4,2,6884414.0,350.8
186120607,120607,"UniÃ£o das freguesias de Crato e MÃ¡rtires, Flor da Rosa e Vale do Peso",2019,21,190,55,48,111,66,29,17,97,88,5,4,8161088.0,416.0
186120706,120706,Santa EulÃ¡lia,1999,25,58,13,20,26,21,3,2,57,48,8,2,3060675.0,280.4
186120706,120706,Santa EulÃ¡lia,2009,12,44,12,10,20,14,3,3,44,42,2,0,3346404.0,328.9
186120706,120706,Santa EulÃ¡lia,2019,6,37,27,16,20,11,3,6,43,40,2,1,3266195.0,314.3
186120707,120707,SÃ£o BrÃ¡s e SÃ£o LourenÃ§o,1999,72,242,25,28,104,67,26,11,93,43,48,2,2843459.0,604.6
186120707,120707,SÃ£o BrÃ¡s e SÃ£o LourenÃ§o,2009,59,208,40,47,99,61,21,17,21,14,7,1,1385532.0,666.2
186120707,120707,SÃ£o BrÃ¡s e SÃ£o LourenÃ§o,2019,20,150,49,52,106,68,24,14,80,52,24,4,4293509.0,1091.1
186120708,120708,SÃ£o Vicente e Ventosa,1999,31,69,12,18,32,19,8,5,110,76,32,2,4124445.0,409.6
186120708,120708,SÃ£o Vicente e Ventosa,2009,17,60,14,21,42,22,9,11,80,76,3,1,5152097.0,627.2
186120708,120708,SÃ£o Vicente e Ventosa,2019,2,33,18,14,31,19,6,6,110,77,28,5,7728665.0,759.0
186120712,120712,"AssunÃ§Ã£o, Ajuda, Salvador e Santo Ildefonso",1999,71,119,46,43,68,46,13,9,79,59,16,3,4097628.0,545.6
186120712,120712,"AssunÃ§Ã£o, Ajuda, Salvador e Santo Ildefonso",2009,35,110,41,55,69,51,14,5,106,61,6,39,10038211.0,1259.3
186120712,120712,"AssunÃ§Ã£o, Ajuda, Salvador e Santo Ildefonso",2019,21,103,50,64,60,48,9,3,144,66,69,9,11586289.0,1322.7
186120713,120713,"Caia, SÃ£o Pedro e AlcÃ¡Ã§ova",1999,120,269,56,50,137,116,15,6,143,99,36,8,5594459.0,566.0
186120713,120713,"Caia, SÃ£o Pedro e AlcÃ¡Ã§ova",2009,53,184,49,49,121,79,26,16,140,110,19,11,11433183.0,1202.9
186120713,120713,"Caia, SÃ£o Pedro e AlcÃ¡Ã§ova",2019,24,143,46,51,93,56,22,15,160,91,46,23,11612840.0,1494.2
186120714,120714,UniÃ£o das freguesias de Barbacena e Vila Fernando,1999,59,166,22,19,71,50,12,10,68,51,16,1,3118334.0,419.5
186120714,120714,UniÃ£o das freguesias de Barbacena e Vila Fernando,2009,24,161,38,16,70,43,17,10,39,23,12,4,2850809.0,476.1
186120714,120714,UniÃ£o das freguesias de Barbacena e Vila Fernando,2019,8,60,17,10,31,25,5,1,38,30,5,3,2700846.0,561.9
186120715,120715,UniÃ£o das freguesias de Terrugem e Vila Boim,1999,106,261,45,40,109,71,27,11,89,54,33,3,3701117.0,531.0
186120715,120715,UniÃ£o das freguesias de Terrugem e Vila Boim,2009,25,247,31,43,85,64,15,6,71,40,30,2,3456514.0,435.5
186120715,120715,UniÃ£o das freguesias de Terrugem e Vila Boim,2019,27,164,74,65,70,49,9,11,68,46,16,6,4545468.0,536.6
186120801,120801,CabeÃ§o de Vide,1999,58,103,20,23,61,38,14,8,28,20,8,1,2109463.0,544.5
186120801,120801,CabeÃ§o de Vide,2009,21,100,20,17,21,12,7,2,41,22,19,0,1633195.0,334.0
186120801,120801,CabeÃ§o de Vide,2019,11,86,35,21,43,33,7,3,45,36,2,8,7318935.0,1012.4
186120802,120802,Fronteira,1999,99,189,41,46,135,80,37,18,154,105,44,5,6450154.0,557.5
186120802,120802,Fronteira,2009,63,175,49,53,68,46,18,4,104,68,34,2,5924797.0,480.1
186120802,120802,Fronteira,2019,29,155,63,66,76,48,20,8,110,74,23,12,11990609.0,957.6
186120803,120803,SÃ£o Saturnino,1999,19,69,8,9,37,22,12,3,31,16,14,1,930497.0,395.2
186120803,120803,SÃ£o Saturnino,2009,10,47,15,12,18,12,4,2,50,19,23,8,1602499.0,376.4
186120803,120803,SÃ£o Saturnino,2019,3,43,9,12,16,12,3,1,34,27,1,6,2135383.0,613.6
186120902,120902,Belver,1999,345,525,42,42,348,204,121,23,7,0,6,1,955704.0,839.8
186120902,120902,Belver,2009,86,366,42,33,105,64,19,21,1,0,0,0,498783.0,824.7
186120902,120902,Belver,2019,27,312,35,23,88,54,25,9,2,2,0,0,805036.0,1303.0
186120903,120903,Comenda,1999,106,112,8,12,75,53,19,3,8,4,4,0,575681.0,683.7
186120903,120903,Comenda,2009,46,92,13,7,32,19,9,4,14,13,1,0,1989899.0,189.6
186120903,120903,Comenda,2019,8,89,21,21,23,16,6,2,34,18,9,6,8748286.0,986.6
186120905,120905,Margem,1999,167,235,22,11,118,77,35,6,6,0,5,1,775186.0,1063.1
186120905,120905,Margem,2009,39,128,6,11,39,25,10,4,6,3,2,1,464759.0,391.0
186120905,120905,Margem,2019,12,92,17,19,27,17,8,3,5,4,0,1,689800.0,430.3
186120906,120906,UniÃ£o das freguesias de GaviÃ£o e Atalaia,1999,197,300,22,26,167,113,48,6,72,62,8,2,2391523.0,459.7
186120906,120906,UniÃ£o das freguesias de GaviÃ£o e Atalaia,2009,52,177,20,21,47,27,14,6,11,9,1,0,762113.0,391.2
186120906,120906,UniÃ£o das freguesias de GaviÃ£o e Atalaia,2019,2,118,31,17,32,22,7,3,10,4,1,4,2191781.0,842.4
186121001,121001,BeirÃ£,1999,36,85,3,5,52,33,16,4,8,5,2,0,1188164.0,320.1
186121001,121001,BeirÃ£,2009,35,71,4,3,24,16,5,4,5,4,1,0,1005667.0,282.6
186121001,121001,BeirÃ£,2019,43,87,18,11,40,25,11,4,14,12,1,1,1560588.0,422.0
186121002,121002,Santa Maria de MarvÃ£o,1999,70,57,2,1,59,35,21,3,1,1,0,0,533461.0,611.7
186121002,121002,Santa Maria de MarvÃ£o,2009,60,50,1,0,15,14,1,0,1,1,0,0,545080.0,493.3
186121002,121002,Santa Maria de MarvÃ£o,2019,53,113,23,28,43,26,13,3,11,9,1,0,696186.0,703.3
186121003,121003,Santo AntÃ³nio das Areias,1999,118,133,2,9,112,69,42,2,5,1,4,0,1136872.0,355.0
186121003,121003,Santo AntÃ³nio das Areias,2009,64,84,2,4,20,18,2,0,1,1,0,0,596355.0,283.2
186121003,121003,Santo AntÃ³nio das Areias,2019,24,120,33,25,49,29,10,9,13,12,1,0,996707.0,499.5
186121004,121004,SÃ£o Salvador da Aramenha,1999,238,343,39,28,200,131,65,3,19,6,13,0,2723467.0,1017.2
186121004,121004,SÃ£o Salvador da Aramenha,2009,158,285,27,21,95,61,28,6,18,11,6,1,1455146.0,794.3
186121004,121004,SÃ£o Salvador da Aramenha,2019,55,227,66,69,84,55,18,11,30,20,8,2,2444822.0,1210.0
186121101,121101,Assumar,1999,18,29,5,4,20,16,3,1,30,22,7,1,1522482.0,379.8
186121101,121101,Assumar,2009,11,22,7,4,15,12,2,1,28,26,1,1,1709361.0,296.6
186121101,121101,Assumar,2019,1,18,6,2,16,9,4,3,24,19,4,1,2381286.0,425.1
186121102,121102,Monforte,1999,43,142,25,14,62,45,13,5,155,130,23,1,8005009.0,358.7
186121102,121102,Monforte,2009,22,118,20,14,68,49,14,5,121,93,24,4,7976145.0,371.6
186121102,121102,Monforte,2019,26,106,37,40,51,36,8,7,149,114,18,17,12100104.0,525.7
186121103,121103,Santo Aleixo,1999,50,60,6,7,25,18,6,1,37,24,12,1,1407003.0,280.9
186121103,121103,Santo Aleixo,2009,26,56,9,12,27,17,8,2,65,29,35,1,2109979.0,413.9
186121103,121103,Santo Aleixo,2019,9,42,14,19,19,15,2,3,49,35,3,11,3056418.0,621.2
186121104,121104,Vaiamonte,1999,49,70,14,13,34,24,7,3,38,28,9,1,2392766.0,373.5
186121104,121104,Vaiamonte,2009,23,45,5,10,25,20,3,3,36,34,1,1,2371489.0,384.0
186121104,121104,Vaiamonte,2019,2,42,17,27,36,23,7,6,70,64,4,2,4491624.0,620.9
186121201,121201,AlpalhÃ£o,1999,146,174,24,17,105,76,24,5,19,11,8,1,2244718.0,527.0
186121201,121201,AlpalhÃ£o,2009,57,114,26,23,40,24,12,4,7,5,1,0,1066126.0,515.3
186121201,121201,AlpalhÃ£o,2019,19,103,26,34,50,30,12,8,9,7,1,1,1398711.0,566.7
186121205,121205,MontalvÃ£o,1999,90,192,16,14,160,97,53,10,20,7,13,0,1363484.0,327.0
186121205,121205,MontalvÃ£o,2009,54,136,14,17,42,25,12,4,8,6,2,0,1513989.0,238.5
186121205,121205,MontalvÃ£o,2019,14,146,52,55,45,33,8,4,11,8,1,2,4385748.0,708.4
186121207,121207,Santana,1999,124,152,12,15,104,58,38,8,4,1,3,0,490795.0,591.7
186121207,121207,Santana,2009,33,101,5,15,27,16,9,1,1,1,0,0,299599.0,560.7
186121207,121207,Santana,2019,13,105,17,27,23,16,5,2,2,1,0,0,485044.0,788.4
186121208,121208,SÃ£o Matias,1999,155,124,16,13,83,63,16,4,3,1,2,0,726049.0,520.8
186121208,121208,SÃ£o Matias,2009,46,108,10,11,28,16,10,2,4,2,1,2,619558.0,428.2
186121208,121208,SÃ£o Matias,2019,4,84,22,23,23,18,5,0,6,5,1,0,1018937.0,744.9
186121210,121210,Tolosa,1999,188,313,35,14,188,109,65,15,14,6,8,0,1980824.0,606.4
186121210,121210,Tolosa,2009,52,221,22,13,39,22,15,3,3,1,2,0,593411.0,499.0
186121210,121210,Tolosa,2019,33,198,34,26,48,34,10,4,2,1,1,1,1211774.0,708.4
186121211,121211,UniÃ£o das freguesias de Arez e Amieira do Tejo,1999,195,254,41,24,123,82,31,11,13,6,8,0,1718588.0,463.9
186121211,121211,UniÃ£o das freguesias de Arez e Amieira do Tejo,2009,73,230,24,30,58,34,16,9,10,7,2,0,2090578.0,351.6
186121211,121211,UniÃ£o das freguesias de Arez e Amieira do Tejo,2019,28,200,91,68,82,49,15,18,26,17,6,3,4664215.0,654.4
186121212,121212,"UniÃ£o das freguesias de EspÃ­rito Santo, Nossa Senhora da GraÃ§a e SÃ£o SimÃ£o",1999,218,513,88,80,255,163,69,24,38,23,14,1,3131053.0,392.3
186121212,121212,"UniÃ£o das freguesias de EspÃ­rito Santo, Nossa Senhora da GraÃ§a e SÃ£o SimÃ£o",2009,149,436,10,44,82,51,21,9,16,14,1,1,3247292.0,312.5
186121212,121212,"UniÃ£o das freguesias de EspÃ­rito Santo, Nossa Senhora da GraÃ§a e SÃ£o SimÃ£o",2019,44,404,117,98,153,99,39,15,53,32,12,9,6264777.0,659.3
186121301,121301,Galveias,1999,147,174,11,8,76,49,19,8,100,81,17,2,2992442.0,308.2
186121301,121301,Galveias,2009,65,180,34,37,113,67,39,7,91,57,6,28,2954314.0,278.4
186121301,121301,Galveias,2019,32,178,36,54,57,45,7,5,54,29,1,24,3525194.0,470.3
186121302,121302,Montargil,1999,514,485,56,41,325,182,99,45,148,81,64,3,8223558.0,429.8
186121302,121302,Montargil,2009,251,398,71,74,179,116,45,18,104,56,46,3,6561090.0,298.7
186121302,121302,Montargil,2019,38,284,92,107,153,92,40,21,94,64,23,7,15272527.0,700.1
186121304,121304,Foros de ArrÃ£o,1999,139,94,13,4,41,23,12,5,45,26,19,0,2363102.0,417.2
186121304,121304,Foros de ArrÃ£o,2009,82,96,13,11,29,16,9,4,35,21,13,2,2685611.0,562.9
186121304,121304,Foros de ArrÃ£o,2019,15,56,12,20,35,22,8,6,41,28,12,2,8780134.0,838.3
186121305,121305,Longomel,1999,259,325,30,16,277,167,90,19,43,13,29,1,1365438.0,1018.9
186121305,121305,Longomel,2009,100,215,25,14,61,35,17,9,12,8,3,0,1527940.0,1838.1
186121305,121305,Longomel,2019,17,110,34,24,48,27,12,9,20,16,3,1,1867033.0,925.1
186121308,121308,"UniÃ£o das freguesias de Ponte de Sor, Tramaga e Vale de AÃ§or",1999,911,1463,174,113,714,420,194,99,202,135,63,3,11541569.0,534.7
186121308,121308,"UniÃ£o das freguesias de Ponte de Sor, Tramaga e Vale de AÃ§or",2009,425,1107,127,98,412,246,111,55,155,116,36,3,8388969.0,464.1
186121308,121308,"UniÃ£o das freguesias de Ponte de Sor, Tramaga e Vale de AÃ§or",2019,150,749,202,148,236,124,61,51,167,145,15,7,13367218.0,327.8
186121401,121401,Alagoa,1999,80,86,6,3,41,27,11,3,3,1,2,0,815259.0,561.1
186121401,121401,Alagoa,2009,43,70,6,7,23,14,8,1,5,5,0,0,763042.0,672.3
186121401,121401,Alagoa,2019,11,61,12,10,19,12,5,2,11,10,0,0,595211.0,704.0
186121402,121402,Alegrete,1999,329,332,35,32,202,114,59,29,23,13,9,1,3157262.0,776.2
186121402,121402,Alegrete,2009,266,324,28,23,130,81,40,9,13,8,5,1,1993721.0,588.2
186121402,121402,Alegrete,2019,87,311,70,54,167,101,44,21,39,13,17,8,2816720.0,937.6
186121404,121404,Fortios,1999,116,147,41,25,76,46,22,8,53,41,11,1,2364495.0,452.5
186121404,121404,Fortios,2009,69,134,37,28,51,29,16,6,26,23,3,0,1964907.0,321.9
186121404,121404,Fortios,2019,37,75,44,42,54,33,15,6,33,28,2,2,2465467.0,479.2
186121410,121410,Urra,1999,197,277,45,24,139,90,35,13,85,63,20,2,5191468.0,407.9
186121410,121410,Urra,2009,73,202,2,5,61,45,10,7,42,36,5,1,4198709.0,377.9
186121410,121410,Urra,2019,21,183,46,46,165,111,35,18,94,80,11,4,6714627.0,442.9
186121411,121411,UniÃ£o das freguesias da SÃ© e SÃ£o LourenÃ§o,1999,230,402,80,52,133,79,42,12,35,30,4,0,1117717.0,1046.0
186121411,121411,UniÃ£o das freguesias da SÃ© e SÃ£o LourenÃ§o,2009,156,276,67,53,137,79,45,12,28,23,4,0,937791.0,820.9
186121411,121411,UniÃ£o das freguesias da SÃ© e SÃ£o LourenÃ§o,2019,40,222,54,67,87,67,14,6,20,10,8,3,1039687.0,1319.1
186121412,121412,UniÃ£o das freguesias de Reguengo e SÃ£o JuliÃ£o,1999,333,365,72,50,314,174,114,26,38,23,15,0,3301156.0,1283.0
186121412,121412,UniÃ£o das freguesias de Reguengo e SÃ£o JuliÃ£o,2009,151,311,53,38,154,94,45,14,34,26,7,0,2526113.0,1117.1
186121412,121412,UniÃ£o das freguesias de Reguengo e SÃ£o JuliÃ£o,2019,53,275,79,62,107,70,21,16,46,18,25,2,2720592.0,1605.5
186121413,121413,UniÃ£o das freguesias de Ribeira de Nisa e Carreiras,1999,255,387,63,27,247,178,53,16,3,2,1,0,2884274.0,1211.3
186121413,121413,UniÃ£o das freguesias de Ribeira de Nisa e Carreiras,2009,119,315,67,53,121,74,33,14,14,6,4,4,2319309.0,942.3
186121413,121413,UniÃ£o das freguesias de Ribeira de Nisa e Carreiras,2019,60,216,61,62,122,79,30,14,14,8,3,3,1836968.0,702.0
186121501,121501,Cano,1999,64,193,28,22,87,59,18,10,90,32,55,2,3980690.0,902.5
186121501,121501,Cano,2009,26,129,38,28,50,28,10,12,52,28,23,1,2492632.0,574.3
186121501,121501,Cano,2019,20,95,29,24,35,25,8,3,64,31,26,6,3684022.0,930.5
186121502,121502,Casa Branca,1999,95,221,40,16,89,60,14,15,136,60,74,2,4854620.0,597.4
186121502,121502,Casa Branca,2009,37,150,29,40,42,24,13,6,109,51,57,1,4299880.0,571.1
186121502,121502,Casa Branca,2019,32,98,32,57,47,40,5,2,207,99,84,24,6465908.0,870.2
186121503,121503,Santo Amaro,1999,13,64,7,4,17,16,1,0,50,42,8,0,2314529.0,735.0
186121503,121503,Santo Amaro,2009,20,42,16,12,17,13,3,1,15,10,5,1,1281581.0,651.4
186121503,121503,Santo Amaro,2019,12,46,22,13,18,11,4,3,14,12,2,1,1742421.0,672.3
186121504,121504,Sousel,1999,102,348,48,43,84,67,13,4,130,51,74,5,4598834.0,549.4
186121504,121504,Sousel,2009,70,218,47,67,65,39,20,7,90,45,43,2,4144515.0,608.2
186121504,121504,Sousel,2019,32,180,66,85,75,45,20,10,139,88,36,15,8562422.0,1164.3
187070103,70103,Santiago Maior,1999,308,498,50,23,233,125,79,29,86,65,20,2,7729952.0,618.9
187070103,70103,Santiago Maior,2009,196,567,94,49,215,122,53,40,48,30,17,2,5375260.0,527.9
187070103,70103,Santiago Maior,2019,109,460,103,113,169,101,36,32,86,64,16,6,6927212.0,557.8
187070104,70104,Capelins (Santo AntÃ³nio),1999,119,140,19,8,133,72,53,9,19,15,4,1,1971844.0,370.9
187070104,70104,Capelins (Santo AntÃ³nio),2009,76,215,37,16,95,59,18,18,36,28,6,2,3243824.0,415.5
187070104,70104,Capelins (Santo AntÃ³nio),2019,27,157,41,40,58,37,11,10,130,27,96,7,2825515.0,468.2
187070105,70105,Terena (SÃ£o Pedro),1999,84,129,10,10,106,61,37,9,40,26,12,1,2299049.0,542.8
187070105,70105,Terena (SÃ£o Pedro),2009,77,127,22,30,66,46,15,5,65,52,11,3,4531966.0,686.2
187070105,70105,Terena (SÃ£o Pedro),2019,40,139,46,37,66,46,15,6,50,32,15,3,3653469.0,626.7
187070107,70107,"UniÃ£o das freguesias de Alandroal (Nossa Senhora da ConceiÃ§Ã£o), SÃ£o BrÃ¡s dos Matos (Mina do Bugalho) e Juromenha (Nossa Senhora do Loreto)",1999,198,364,23,47,135,87,29,19,351,157,190,4,9229919.0,461.8
187070107,70107,"UniÃ£o das freguesias de Alandroal (Nossa Senhora da ConceiÃ§Ã£o), SÃ£o BrÃ¡s dos Matos (Mina do Bugalho) e Juromenha (Nossa Senhora do Loreto)",2009,100,241,63,60,108,77,18,14,200,117,79,4,10471049.0,545.3
187070107,70107,"UniÃ£o das freguesias de Alandroal (Nossa Senhora da ConceiÃ§Ã£o), SÃ£o BrÃ¡s dos Matos (Mina do Bugalho) e Juromenha (Nossa Senhora do Loreto)",2019,64,232,65,65,103,67,19,17,436,141,284,10,14295645.0,634.2
187070201,70201,Arraiolos,1999,77,132,31,29,95,56,14,25,129,125,3,1,6633134.0,514.5
187070201,70201,Arraiolos,2009,37,151,38,26,69,50,10,8,107,103,3,1,6636920.0,604.1
187070201,70201,Arraiolos,2019,15,89,32,49,62,40,8,14,194,175,5,15,10578593.0,633.1
187070202,70202,Igrejinha,1999,20,80,14,14,32,22,6,4,98,68,29,1,2585332.0,446.3
187070202,70202,Igrejinha,2009,8,41,14,13,19,15,3,1,78,63,12,3,3829115.0,505.1
187070202,70202,Igrejinha,2019,1,33,18,11,23,13,3,8,96,84,1,11,4028381.0,483.3
187070206,70206,Vimieiro,1999,117,208,31,17,87,65,14,7,178,121,56,1,11387872.0,623.4
187070206,70206,Vimieiro,2009,63,161,33,23,64,48,11,5,160,136,21,3,14047843.0,694.0
187070206,70206,Vimieiro,2019,34,142,42,40,63,52,4,7,175,145,25,6,17434175.0,824.2
187070208,70208,UniÃ£o das freguesias de Gafanhoeira (SÃ£o Pedro) e Sabugueiro,1999,31,68,14,15,46,28,7,12,52,50,2,1,5086727.0,661.7
187070208,70208,UniÃ£o das freguesias de Gafanhoeira (SÃ£o Pedro) e Sabugueiro,2009,19,46,9,9,32,22,5,5,50,46,3,0,2408487.0,252.1
187070208,70208,UniÃ£o das freguesias de Gafanhoeira (SÃ£o Pedro) e Sabugueiro,2019,12,54,18,14,25,15,4,6,44,41,1,3,3961650.0,675.0
187070209,70209,UniÃ£o das freguesias de SÃ£o GregÃ³rio e Santa Justa,1999,37,61,24,17,36,24,5,6,75,68,6,1,3291043.0,323.3
187070209,70209,UniÃ£o das freguesias de SÃ£o GregÃ³rio e Santa Justa,2009,35,78,37,24,40,29,5,7,71,56,14,1,4187521.0,433.3
187070209,70209,UniÃ£o das freguesias de SÃ£o GregÃ³rio e Santa Justa,2019,4,31,32,32,28,17,3,8,111,77,23,11,7621109.0,705.5
187070301,70301,Borba (Matriz),1999,219,375,87,46,174,111,40,23,169,54,113,2,3846618.0,1855.8
187070301,70301,Borba (Matriz),2009,138,308,88,77,128,83,27,18,119,20,65,34,2825321.0,1457.7
187070301,70301,Borba (Matriz),2019,61,300,108,84,100,67,15,19,132,37,85,10,3938986.0,1580.0
187070302,70302,Orada,1999,67,102,12,11,71,39,17,15,126,58,67,1,3020866.0,886.8
187070302,70302,Orada,2009,51,86,34,22,42,26,8,9,93,30,58,5,2574065.0,755.0
187070302,70302,Orada,2019,25,86,24,9,29,18,3,7,74,36,31,7,2932146.0,995.9
187070303,70303,Rio de Moinhos,1999,138,237,36,16,122,79,29,14,152,94,56,3,4253358.0,1520.1
187070303,70303,Rio de Moinhos,2009,79,167,41,25,61,46,9,6,106,34,52,21,3468293.0,1099.5
187070303,70303,Rio de Moinhos,2019,37,165,55,62,72,45,13,14,97,39,42,17,3197119.0,898.9
187070304,70304,Borba (SÃ£o Bartolomeu),2019,0,2,0,1,0,0,0,0,0,0,0,0,1103.0,380.3
187070401,70401,Arcos,1999,102,197,26,10,84,55,19,11,102,45,57,1,2306821.0,1491.5
187070401,70401,Arcos,2009,84,213,40,28,90,57,19,14,85,22,59,3,2387252.0,1435.5
187070401,70401,Arcos,2019,27,145,60,43,71,46,13,13,61,25,17,19,1955492.0,1431.3
187070402,70402,GlÃ³ria,1999,74,120,18,14,59,43,12,4,83,42,41,1,1631661.0,458.9
187070402,70402,GlÃ³ria,2009,40,107,17,32,49,31,13,6,28,15,12,2,1450466.0,371.7
187070402,70402,GlÃ³ria,2019,42,89,42,35,41,33,6,2,76,22,50,4,2985411.0,717.3
187070404,70404,Ã‰vora Monte (Santa Maria),1999,79,90,16,20,39,33,5,1,78,47,30,1,4679656.0,606.7
187070404,70404,Ã‰vora Monte (Santa Maria),2009,46,75,19,26,31,19,7,4,46,37,8,1,2151534.0,314.9
187070404,70404,Ã‰vora Monte (Santa Maria),2019,32,59,21,30,21,19,1,1,39,20,17,2,1478679.0,197.4
187070411,70411,SÃ£o Domingos de Ana Loura,1999,38,47,7,2,43,30,11,3,12,0,11,0,978216.0,1813.3
187070411,70411,SÃ£o Domingos de Ana Loura,2009,16,37,12,1,18,11,4,3,23,10,12,1,1074985.0,875.2
187070411,70411,SÃ£o Domingos de Ana Loura,2019,8,32,9,9,14,12,3,0,36,19,15,2,1148770.0,1058.7
187070413,70413,Veiros,1999,82,127,20,19,54,37,10,6,18,11,6,1,1028571.0,508.3
187070413,70413,Veiros,2009,31,79,18,18,30,20,6,5,20,15,1,4,1307336.0,419.6
187070413,70413,Veiros,2019,10,53,21,16,27,22,4,1,47,37,6,4,3923771.0,1203.6
187070414,70414,UniÃ£o das freguesias de Estremoz (Santa Maria e Santo AndrÃ©),1999,221,432,95,65,200,135,39,25,128,71,54,2,4959466.0,755.9
187070414,70414,UniÃ£o das freguesias de Estremoz (Santa Maria e Santo AndrÃ©),2009,108,277,88,73,139,96,24,20,158,74,53,32,4417541.0,779.3
187070414,70414,UniÃ£o das freguesias de Estremoz (Santa Maria e Santo AndrÃ©),2019,70,268,122,96,130,91,19,21,116,71,29,17,5148544.0,871.4
187070415,70415,UniÃ£o das freguesias de SÃ£o Bento do CortiÃ§o e Santo EstÃªvÃ£o,1999,128,204,34,18,110,76,22,12,43,24,18,1,2168003.0,404.9
187070415,70415,UniÃ£o das freguesias de SÃ£o Bento do CortiÃ§o e Santo EstÃªvÃ£o,2009,61,201,37,29,72,45,16,12,32,21,9,2,2090384.0,452.2
187070415,70415,UniÃ£o das freguesias de SÃ£o Bento do CortiÃ§o e Santo EstÃªvÃ£o,2019,49,141,67,53,64,48,9,7,48,25,21,2,5692191.0,1289.6
187070416,70416,UniÃ£o das freguesias de SÃ£o LourenÃ§o de MamporcÃ£o e SÃ£o Bento de Ana Loura,1999,54,55,13,10,37,26,8,3,57,41,16,1,2758015.0,510.6
187070416,70416,UniÃ£o das freguesias de SÃ£o LourenÃ§o de MamporcÃ£o e SÃ£o Bento de Ana Loura,2009,16,74,14,21,26,19,4,3,16,13,2,2,1058493.0,339.7
187070416,70416,UniÃ£o das freguesias de SÃ£o LourenÃ§o de MamporcÃ£o e SÃ£o Bento de Ana Loura,2019,5,40,24,24,22,15,5,2,25,20,4,1,2451812.0,544.8
187070417,70417,UniÃ£o das freguesias do Ameixial (Santa VitÃ³ria e SÃ£o Bento),1999,119,203,39,27,79,54,16,10,138,72,64,2,4858912.0,566.6
187070417,70417,UniÃ£o das freguesias do Ameixial (Santa VitÃ³ria e SÃ£o Bento),2009,55,151,42,51,69,42,18,9,123,75,46,3,5172498.0,639.1
187070417,70417,UniÃ£o das freguesias do Ameixial (Santa VitÃ³ria e SÃ£o Bento),2019,24,95,32,37,43,37,5,1,238,171,50,17,8895219.0,869.9
187070502,70502,Nossa Senhora da GraÃ§a do Divor,1999,12,33,7,17,21,16,2,3,59,51,6,2,2991343.0,342.5
187070502,70502,Nossa Senhora da GraÃ§a do Divor,2009,8,39,20,31,30,20,3,7,48,44,3,1,3219911.0,382.4
187070502,70502,Nossa Senhora da GraÃ§a do Divor,2019,2,26,25,19,24,12,2,9,70,62,2,6,3140200.0,491.7
187070503,70503,Nossa Senhora de Machede,1999,136,259,54,44,113,69,27,17,150,120,26,3,7456999.0,447.4
187070503,70503,Nossa Senhora de Machede,2009,77,225,65,59,62,36,14,13,129,97,30,2,7361628.0,442.8
187070503,70503,Nossa Senhora de Machede,2019,32,196,57,71,59,40,9,9,198,123,53,23,10976913.0,691.3
187070506,70506,SÃ£o Bento do Mato,1999,24,66,23,26,31,21,8,2,46,40,5,0,1885762.0,355.3
187070506,70506,SÃ£o Bento do Mato,2009,15,51,14,29,42,23,13,6,23,21,1,1,1422789.0,351.5
187070506,70506,SÃ£o Bento do Mato,2019,13,51,14,35,19,15,2,2,38,29,5,3,1752363.0,299.6
187070509,70509,SÃ£o Miguel de Machede,1999,93,139,32,21,85,65,15,4,62,57,3,1,3044017.0,407.0
187070509,70509,SÃ£o Miguel de Machede,2009,21,111,21,25,59,35,13,11,47,37,8,2,2972110.0,429.2
187070509,70509,SÃ£o Miguel de Machede,2019,15,57,28,19,24,19,3,2,43,33,5,5,2852558.0,448.1
187070513,70513,Torre de Coelheiros,1999,40,94,34,25,64,37,9,18,147,130,15,2,7203739.0,399.8
187070513,70513,Torre de Coelheiros,2009,12,48,16,16,47,29,11,7,72,67,5,1,9274587.0,488.9
187070513,70513,Torre de Coelheiros,2019,3,33,21,24,24,20,3,2,151,115,2,34,12674303.0,645.0
187070515,70515,Canaviais,1999,68,117,30,25,86,52,23,11,29,25,3,1,1098233.0,1177.0
187070515,70515,Canaviais,2009,28,77,38,39,86,44,32,10,25,23,1,0,1091484.0,1011.0
187070515,70515,Canaviais,2019,18,72,38,41,67,39,17,12,163,159,2,3,1068959.0,514.4
187070522,70522,UniÃ£o das freguesias de Bacelo e Senhora da SaÃºde,1999,87,190,56,54,162,86,47,28,32,22,10,1,1765496.0,786.4
187070522,70522,UniÃ£o das freguesias de Bacelo e Senhora da SaÃºde,2009,56,204,68,68,94,56,18,20,35,20,6,10,1861096.0,697.4
187070522,70522,UniÃ£o das freguesias de Bacelo e Senhora da SaÃºde,2019,21,144,57,93,84,52,18,14,34,23,7,4,2465118.0,954.0
187070523,70523,"UniÃ£o das freguesias de Ã‰vora (SÃ£o Mamede, SÃ©, SÃ£o Pedro e Santo AntÃ£o)",1999,5,31,6,8,13,8,2,3,8,8,0,0,369814.0,370.0
187070523,70523,"UniÃ£o das freguesias de Ã‰vora (SÃ£o Mamede, SÃ©, SÃ£o Pedro e Santo AntÃ£o)",2019,0,8,0,4,4,3,1,0,3,2,0,1,312306.0,618.6
187070524,70524,UniÃ£o das freguesias de Malagueira e Horta das Figueiras,1999,35,63,19,31,50,31,12,7,55,51,3,1,2196663.0,650.6
187070524,70524,UniÃ£o das freguesias de Malagueira e Horta das Figueiras,2009,19,83,18,38,73,43,23,8,53,40,6,7,2221087.0,567.0
187070524,70524,UniÃ£o das freguesias de Malagueira e Horta das Figueiras,2019,8,87,37,41,45,31,10,5,198,175,8,15,13350050.0,1007.6
187070525,70525,UniÃ£o das freguesias de Nossa Senhora da Tourega e Nossa Senhora de Guadalupe,1999,31,61,18,22,47,30,10,6,192,183,7,3,8217040.0,393.6
187070525,70525,UniÃ£o das freguesias de Nossa Senhora da Tourega e Nossa Senhora de Guadalupe,2009,11,51,17,19,23,17,4,2,102,90,11,1,7005842.0,365.2
187070525,70525,UniÃ£o das freguesias de Nossa Senhora da Tourega e Nossa Senhora de Guadalupe,2019,22,63,30,39,28,19,5,5,125,110,6,9,11289756.0,536.3
187070526,70526,UniÃ£o das freguesias de SÃ£o ManÃ§os e SÃ£o Vicente do Pigeiro,1999,226,431,60,49,142,96,25,20,244,167,63,14,9029198.0,493.8
187070526,70526,UniÃ£o das freguesias de SÃ£o ManÃ§os e SÃ£o Vicente do Pigeiro,2009,82,315,56,61,137,96,23,18,182,131,45,6,11362018.0,586.1
187070526,70526,UniÃ£o das freguesias de SÃ£o ManÃ§os e SÃ£o Vicente do Pigeiro,2019,35,240,110,92,154,98,27,28,192,135,37,21,14327822.0,1028.5
187070527,70527,UniÃ£o das freguesias de SÃ£o SebastiÃ£o da Giesteira e Nossa Senhora da Boa FÃ©,1999,38,75,13,21,32,18,6,8,60,50,9,2,2614095.0,447.6
187070527,70527,UniÃ£o das freguesias de SÃ£o SebastiÃ£o da Giesteira e Nossa Senhora da Boa FÃ©,2009,14,40,15,18,28,17,5,6,27,25,2,0,1960016.0,350.7
187070527,70527,UniÃ£o das freguesias de SÃ£o SebastiÃ£o da Giesteira e Nossa Senhora da Boa FÃ©,2019,4,40,14,16,18,11,4,3,56,43,9,4,3794312.0,525.3
187070601,70601,Cabrela,1999,40,55,16,27,47,27,10,11,109,94,13,1,6204602.0,536.8
187070601,70601,Cabrela,2009,27,52,14,29,37,24,9,4,99,90,8,2,8669561.0,524.0
187070601,70601,Cabrela,2019,14,40,10,18,29,21,8,0,107,97,6,4,13854514.0,985.9
187070605,70605,Santiago do Escoural,1999,51,117,19,25,75,47,13,15,125,82,42,1,5777901.0,573.5
187070605,70605,Santiago do Escoural,2009,22,62,20,40,48,31,12,6,99,81,17,1,6308073.0,489.8
187070605,70605,Santiago do Escoural,2019,9,54,40,38,35,26,4,5,89,73,10,7,7871207.0,625.9
187070606,70606,SÃ£o CristÃ³vÃ£o,1999,73,96,9,21,71,48,12,10,59,51,8,1,5899008.0,480.7
187070606,70606,SÃ£o CristÃ³vÃ£o,2009,30,87,34,23,64,42,19,3,52,46,4,1,4115382.0,337.0
187070606,70606,SÃ£o CristÃ³vÃ£o,2019,14,66,26,46,43,29,8,5,92,79,7,5,7854585.0,567.0
187070607,70607,Ciborro,1999,7,10,1,4,9,6,2,1,58,56,2,1,2473702.0,586.5
187070607,70607,Ciborro,2009,3,15,2,8,9,6,1,2,34,32,3,0,2021481.0,438.3
187070607,70607,Ciborro,2019,5,20,4,12,14,8,2,5,18,15,2,1,1461557.0,361.4
187070610,70610,Foros de Vale de Figueira,1999,26,62,7,6,36,25,7,4,33,28,4,0,1243264.0,371.3
187070610,70610,Foros de Vale de Figueira,2009,21,53,10,15,40,27,11,3,12,11,1,1,1545721.0,348.7
187070610,70610,Foros de Vale de Figueira,2019,6,71,21,20,41,28,9,4,75,66,5,4,9279454.0,1638.1
187070611,70611,UniÃ£o das freguesias de CortiÃ§adas de Lavre e Lavre,1999,51,114,34,16,62,41,14,8,118,105,7,6,6683224.0,440.0
187070611,70611,UniÃ£o das freguesias de CortiÃ§adas de Lavre e Lavre,2009,24,140,8,28,72,46,22,4,102,85,15,2,7604968.0,388.5
187070611,70611,UniÃ£o das freguesias de CortiÃ§adas de Lavre e Lavre,2019,25,125,54,76,68,47,12,9,131,88,33,10,13156753.0,937.9
187070612,70612,"UniÃ£o das freguesias de Nossa Senhora da Vila, Nossa Senhora do Bispo e Silveiras",1999,339,607,154,143,380,233,88,60,533,363,165,6,39022967.0,1157.3
187070612,70612,"UniÃ£o das freguesias de Nossa Senhora da Vila, Nossa Senhora do Bispo e Silveiras",2009,141,519,111,170,307,186,93,29,431,357,67,7,32182907.0,891.7
187070612,70612,"UniÃ£o das freguesias de Nossa Senhora da Vila, Nossa Senhora do Bispo e Silveiras",2019,82,488,147,212,235,136,44,55,416,349,43,24,38718335.0,854.5
187070701,70701,Brotas,1999,21,94,6,9,29,17,9,4,40,32,8,1,2713262.0,288.4
187070701,70701,Brotas,2009,17,37,8,10,15,10,4,1,25,24,1,0,1897606.0,239.7
187070701,70701,Brotas,2019,0,12,4,7,7,5,1,0,27,26,0,1,2871277.0,333.7
187070702,70702,CabeÃ§Ã£o,1999,82,162,23,24,64,37,17,10,43,17,25,1,1501631.0,360.2
187070702,70702,CabeÃ§Ã£o,2009,26,88,21,23,27,16,7,3,25,21,3,0,1929647.0,550.4
187070702,70702,CabeÃ§Ã£o,2019,10,49,35,22,27,17,5,5,25,16,8,1,1789445.0,649.5
187070703,70703,Mora,1999,120,267,16,20,96,65,25,6,100,70,29,2,5643271.0,540.6
187070703,70703,Mora,2009,38,131,4,16,39,28,9,2,45,40,4,1,2869313.0,313.5
187070703,70703,Mora,2019,8,28,21,27,23,15,5,3,83,64,9,10,9851802.0,1012.3
187070704,70704,Pavia,1999,94,213,35,37,89,61,18,10,115,90,24,1,8329253.0,414.3
187070704,70704,Pavia,2009,84,209,36,45,82,48,21,12,101,85,14,2,6420111.0,314.6
187070704,70704,Pavia,2019,20,173,45,43,69,40,16,13,88,72,11,6,13830232.0,292.1
187070801,70801,Granja,1999,56,131,19,17,52,33,10,9,55,45,10,1,4195818.0,367.6
187070801,70801,Granja,2009,21,99,14,21,36,26,4,7,47,36,10,1,4755873.0,441.3
187070801,70801,Granja,2019,11,88,28,32,63,35,13,15,48,41,5,3,4513909.0,380.6
187070802,70802,Luz,1999,48,127,8,7,41,23,10,8,20,10,10,0,1028860.0,308.5
187070802,70802,Luz,2009,13,80,20,24,31,18,6,8,19,11,5,3,768696.0,615.2
187070802,70802,Luz,2019,6,75,39,34,62,29,9,25,24,16,6,3,2594774.0,1139.4
187070803,70803,MourÃ£o,1999,168,288,43,41,125,76,27,22,94,57,35,1,4167264.0,327.2
187070803,70803,MourÃ£o,2009,71,278,56,38,68,47,12,8,71,42,28,1,2952006.0,315.6
187070803,70803,MourÃ£o,2019,35,279,81,90,186,104,33,49,110,82,19,9,6117223.0,712.0
187070903,70903,Monte do Trigo,1999,110,161,15,18,87,61,15,10,74,52,22,1,3303293.0,321.0
187070903,70903,Monte do Trigo,2009,47,122,25,19,51,34,7,10,63,51,10,1,6407228.0,1029.0
187070903,70903,Monte do Trigo,2019,23,105,23,22,43,30,9,4,100,64,7,29,12128166.0,1540.1
187070905,70905,Portel,1999,117,422,55,53,145,83,33,29,84,54,28,1,3524929.0,383.7
187070905,70905,Portel,2009,42,324,80,66,124,85,24,15,109,69,38,3,4445413.0,337.6
187070905,70905,Portel,2019,30,294,103,74,115,74,27,15,87,64,18,6,6065668.0,378.5
187070906,70906,Santana,1999,100,188,8,15,47,25,10,11,31,24,6,1,1755334.0,351.2
187070906,70906,Santana,2009,50,140,17,16,68,44,13,11,21,14,6,1,1758194.0,505.0
187070906,70906,Santana,2019,9,120,26,22,34,18,9,6,31,28,1,2,2474315.0,674.6
187070908,70908,Vera Cruz,1999,78,123,20,13,38,26,7,5,25,14,11,1,607195.0,335.1
187070908,70908,Vera Cruz,2009,29,96,12,11,41,26,7,8,50,46,4,0,5491611.0,2217.6
187070908,70908,Vera Cruz,2019,17,74,22,16,23,12,6,5,11,7,3,1,1245067.0,492.0
187070909,70909,UniÃ£o das freguesias de Amieira e Alqueva,1999,124,160,20,20,51,35,9,7,62,41,21,1,3409843.0,396.2
187070909,70909,UniÃ£o das freguesias de Amieira e Alqueva,2009,24,168,24,25,58,40,10,8,91,72,18,1,3195013.0,318.0
187070909,70909,UniÃ£o das freguesias de Amieira e Alqueva,2019,29,117,28,24,50,39,9,3,59,49,2,8,3044494.0,296.8
187070910,70910,UniÃ£o das freguesias de SÃ£o Bartolomeu do Outeiro e Oriola,1999,88,106,18,17,40,29,7,4,42,37,4,1,1795798.0,455.4
187070910,70910,UniÃ£o das freguesias de SÃ£o Bartolomeu do Outeiro e Oriola,2009,45,112,25,11,53,38,9,5,44,33,9,2,3111835.0,540.3
187070910,70910,UniÃ£o das freguesias de SÃ£o Bartolomeu do Outeiro e Oriola,2019,21,95,22,17,27,13,8,6,54,46,5,4,6152836.0,1046.9
187071001,71001,Montoito,1999,111,246,37,42,88,66,11,12,241,25,214,2,3928528.0,767.4
187071001,71001,Montoito,2009,65,187,33,49,65,39,17,9,108,35,71,2,3347026.0,684.7
187071001,71001,Montoito,2019,24,136,41,59,79,51,15,13,314,106,95,113,7696412.0,1178.9
187071002,71002,Redondo,1999,453,739,129,91,264,174,44,46,652,218,430,5,17984691.0,809.9
187071002,71002,Redondo,2009,268,639,163,146,203,125,48,30,336,203,124,9,18025670.0,708.0
187071002,71002,Redondo,2019,111,559,167,152,209,129,44,36,439,304,117,17,22726567.0,814.0
187071102,71102,Corval,1999,162,323,53,37,165,97,44,24,172,107,63,2,4117384.0,582.5
187071102,71102,Corval,2009,97,290,56,61,95,57,24,14,90,48,41,1,3865562.0,562.2
187071102,71102,Corval,2019,37,260,73,91,154,96,29,30,102,72,22,8,6383303.0,855.1
187071103,71103,Monsaraz,1999,155,248,45,43,116,65,27,23,54,29,24,2,3111869.0,391.1
187071103,71103,Monsaraz,2009,87,210,45,32,73,44,18,11,55,34,20,1,2463404.0,455.7
187071103,71103,Monsaraz,2019,6,212,53,46,80,52,13,16,47,33,11,3,3387106.0,672.5
187071104,71104,Reguengos de Monsaraz,1999,246,499,133,76,322,190,89,43,501,200,277,24,9685918.0,1009.1
187071104,71104,Reguengos de Monsaraz,2009,121,446,109,81,199,137,24,39,287,182,99,6,8050318.0,1057.1
187071104,71104,Reguengos de Monsaraz,2019,33,378,118,122,188,116,38,34,418,253,125,40,12121647.0,1316.5
187071106,71106,UniÃ£o das freguesias de Campo e Campinho,1999,219,257,25,16,182,110,54,19,136,90,45,1,6156662.0,454.6
187071106,71106,UniÃ£o das freguesias de Campo e Campinho,2009,61,156,21,12,79,54,13,11,88,65,23,1,5027448.0,547.9
187071106,71106,UniÃ£o das freguesias de Campo e Campinho,2019,42,143,28,46,111,59,26,26,81,62,15,4,6969263.0,666.5
187071201,71201,Vendas Novas,1999,159,342,51,40,224,132,61,32,126,107,17,2,6677540.0,719.3
187071201,71201,Vendas Novas,2009,73,285,57,44,116,69,28,20,182,159,21,2,12845244.0,1578.0
187071201,71201,Vendas Novas,2019,25,183,32,28,112,78,29,5,86,68,12,6,9125832.0,966.3
187071202,71202,Landeira,1999,14,29,3,5,23,12,8,3,36,33,3,0,2702422.0,326.8
187071202,71202,Landeira,2009,9,23,5,4,12,8,3,1,34,30,3,0,2868420.0,381.7
187071202,71202,Landeira,2019,2,19,0,5,17,12,5,1,29,29,1,0,10982024.0,1605.0
187071301,71301,AlcÃ¡Ã§ovas,1999,111,205,42,32,145,92,31,22,148,115,30,4,11372473.0,555.8
187071301,71301,AlcÃ¡Ã§ovas,2009,40,253,55,43,123,77,35,11,102,95,4,2,11598021.0,470.0
187071301,71301,AlcÃ¡Ã§ovas,2019,30,170,76,48,82,53,15,14,131,111,15,6,12660608.0,590.1
187071302,71302,Viana do Alentejo,1999,110,185,30,32,129,83,28,18,102,87,15,1,5441866.0,512.4
187071302,71302,Viana do Alentejo,2009,82,221,34,30,94,63,21,11,52,38,6,9,4662904.0,385.1
187071302,71302,Viana do Alentejo,2019,43,167,50,42,148,88,35,26,50,36,10,5,4074365.0,597.4
187071303,71303,Aguiar,1999,15,23,7,5,18,14,3,1,24,21,3,0,1554794.0,501.5
187071303,71303,Aguiar,2009,7,26,5,3,9,7,0,2,9,8,0,0,1046071.0,348.4
187071303,71303,Aguiar,2019,3,18,4,5,11,9,1,1,14,10,0,4,1434547.0,421.2
187071401,71401,Bencatel,1999,42,81,13,17,30,19,7,4,28,16,11,1,858826.0,384.7
187071401,71401,Bencatel,2009,13,38,6,9,14,13,0,1,17,13,3,0,687648.0,332.2
187071401,71401,Bencatel,2019,2,25,6,10,11,8,2,0,29,24,2,3,5832785.0,1711.4
187071402,71402,Ciladas,1999,38,64,10,15,39,30,5,5,61,48,11,1,3839580.0,589.2
187071402,71402,Ciladas,2009,14,72,23,25,27,19,5,4,110,83,26,1,5489415.0,479.9
187071402,71402,Ciladas,2019,14,40,20,33,25,19,2,5,82,66,13,2,6596802.0,620.1
187071404,71404,Pardais,1999,80,80,4,7,28,17,8,2,27,10,17,0,858248.0,389.0
187071404,71404,Pardais,2009,34,65,18,12,26,23,3,1,8,2,6,0,618329.0,604.2
187071404,71404,Pardais,2019,10,52,13,13,16,11,3,2,10,7,3,0,436367.0,472.2
187071406,71406,Nossa Senhora da ConceiÃ§Ã£o e SÃ£o Bartolomeu,1999,97,184,49,27,97,72,18,7,30,12,17,1,1315784.0,607.3
187071406,71406,Nossa Senhora da ConceiÃ§Ã£o e SÃ£o Bartolomeu,2009,42,157,23,34,58,40,9,9,16,4,7,5,688329.0,546.1
187071406,71406,Nossa Senhora da ConceiÃ§Ã£o e SÃ£o Bartolomeu,2019,38,146,41,37,62,46,10,6,27,19,5,3,2329465.0,1306.1
